team,player_id,name,position,date_of_birth,age,nationality
Uruguay,3160,Fernando Muslera,Goalkeeper,1986-06-16,39,Uruguay
Uruguay,30210,Santiago Mele,Goalkeeper,1997-09-06,28,Uruguay
Uruguay,30386,Sergio Rochet,Goalkeeper,1993-03-23,33,Uruguay
Uruguay,3165,Guillermo Varela,Defence,1993-03-24,33,Uruguay
Uruguay,28292,Ronald Araújo,Defence,1999-03-07,27,Uruguay
Uruguay,28326,Sebastían Cáceres,Defence,1999-08-18,26,Uruguay
Uruguay,28426,Matías Viña,Defence,1997-11-09,28,Uruguay
Uruguay,28740,Joaquín Piquerez,Defence,1998-08-24,27,Uruguay
Uruguay,28770,Maximiliano Araújo,Defence,2000-02-15,26,Uruguay
Uruguay,32754,Mathías Olivera,Defence,1997-10-31,28,Uruguay
Uruguay,32767,Santiago Bueno,Defence,1998-11-09,27,Uruguay
Uruguay,213277,José Giménez,Defence,1995-01-20,31,Uruguay
Uruguay,96,Federico Valverde,Midfield,1998-07-22,27,Uruguay
Uruguay,1244,Giorgian De Arrascaeta,Midfield,1994-06-01,32,Uruguay
Uruguay,2041,Rodrigo Bentancur,Midfield,1997-06-25,28,Uruguay
Uruguay,28549,Manuel Ugarte,Midfield,2001-04-11,25,Uruguay
Uruguay,28618,Brian Rodríguez,Midfield,2000-05-20,26,Uruguay
Uruguay,121007,Rodrigo Zalazar,Midfield,1999-08-12,26,Uruguay
Uruguay,122506,Facundo Pellistri,Midfield,2001-12-20,24,Uruguay
Uruguay,130957,Emiliano Martínez,Midfield,1999-08-17,26,Uruguay
Uruguay,152435,Juan Sanabria,Midfield,2000-03-29,26,Uruguay
Uruguay,168795,Nicolas de la Cruz,Midfield,1997-06-01,29,Uruguay
Uruguay,11206,Rodrigo Aguirre,Offence,1994-10-01,31,Uruguay
Uruguay,28612,Darwin Núñez,Offence,1999-06-24,26,Uruguay
Uruguay,28614,Agustín Canobbio,Offence,1998-10-01,27,Uruguay
Uruguay,112678,Federico Viñas,Offence,1998-06-30,27,Uruguay
Germany,316,Oliver Baumann,Goalkeeper,1990-06-02,36,Germany
Germany,341,Manuel Neuer,Goalkeeper,1986-03-27,40,Germany
Germany,6491,Alexander Nübel,Goalkeeper,1996-09-30,29,Germany
Germany,149,Jonathan Tah,Defence,1996-02-11,30,Germany
Germany,379,Waldemar Anton,Defence,1996-07-20,29,Germany
Germany,3177,Antonio Rüdiger,Defence,1993-03-03,33,Germany
Germany,9905,David Raum,Defence,1998-04-22,28,Germany
Germany,75539,Nico Schlotterbeck,Defence,1999-12-01,26,Germany
Germany,142732,Malick Thiaw,Defence,2001-08-08,24,Germany
Germany,184533,Nathaniel Brown,Defence,2003-06-16,22,Germany
Germany,320,Nadiem Amiri,Midfield,1996-10-27,29,Germany
Germany,359,Joshua Kimmich,Midfield,1995-02-08,31,Germany
Germany,3181,Leon Goretzka,Midfield,1995-02-06,31,Germany
Germany,8273,Pascal Groß,Midfield,1991-06-15,34,Germany
Germany,19334,Florian Wirtz,Midfield,2003-05-03,23,Germany
Germany,101074,Felix Kalu Nmecha,Midfield,2000-10-10,25,Germany
Germany,128565,Angelo Stiller,Midfield,2001-04-04,25,Germany
Germany,144393,Jamal Musiala,Midfield,2003-02-26,23,Germany
Germany,202665,Aleksandar Pavlović,Midfield,2004-05-03,22,Germany
Germany,277592,Lennart Karl,Midfield,2008-02-22,18,Germany
Germany,171,Kai Havertz,Offence,1999-06-11,27,Germany
Germany,3184,Leroy Sané,Offence,1996-01-11,30,Germany
Germany,6928,Deniz Undav,Offence,1996-07-19,29,Germany
Germany,123333,Jamie Leweling,Offence,2001-02-26,25,Germany
Germany,133547,Nick Woltemade,Offence,2002-02-14,24,Germany
Germany,133903,Maximilian Beier,Offence,2002-10-17,23,Germany
Spain,4832,David Raya,Goalkeeper,1995-09-15,30,Spain
Spain,32570,Unai Simón,Goalkeeper,1997-06-11,29,Spain
Spain,152506,Joan García,Goalkeeper,2001-05-04,25,Spain
Spain,7884,Aymeric Laporte,Defence,1994-05-27,32,Spain
Spain,15863,Cucurella,Defence,1998-07-22,27,Spain
Spain,16739,Alejandro Grimaldo,Defence,1995-09-20,30,Spain
Spain,81037,Pedro Porro,Defence,1999-09-13,26,Spain
Spain,101345,Eric García,Defence,2001-01-09,25,Spain
Spain,176745,Marc Pubill,Defence,2003-06-20,22,Spain
Spain,217540,Pau Cubarsí,Defence,2007-01-22,19,Spain
Spain,22,Fabián Ruiz,Midfield,1996-04-03,30,Spain
Spain,70,Marcos Llorente,Midfield,1995-01-30,31,Spain
Spain,3199,Rodri,Midfield,1996-06-22,29,Spain
Spain,7935,Mikel Merino,Midfield,1996-06-22,29,Spain
Spain,23132,Dani Olmo,Midfield,1998-05-07,28,Spain
Spain,33154,Ferrán Torres,Midfield,2000-02-29,26,Spain
Spain,115035,Martín Zubimendi,Midfield,1999-02-02,27,Spain
Spain,133860,Pedri,Midfield,2002-11-25,23,Spain
Spain,171992,Pablo Gavira,Midfield,2004-08-05,21,Spain
Spain,180137,Mikel Oyarzabal,Midfield,1997-04-21,29,Spain
Spain,213278,Álex Baena,Midfield,2001-07-20,24,Spain
Spain,32056,Borja Iglesias,Offence,1993-01-17,33,Spain
Spain,152505,Yeremi Pino,Offence,2002-10-20,23,Spain
Spain,157135,Nico Williams,Offence,2002-07-12,23,Spain
Spain,202283,Lamine Yamal,Offence,2007-07-13,18,Spain
Spain,273423,Víctor Muñoz,Offence,2003-07-13,22,Spain
Paraguay,28294,Gastón Olveira,Goalkeeper,1993-04-21,33,Paraguay
Paraguay,169622,Roberto Fernández,Goalkeeper,1988-03-29,38,Paraguay
Paraguay,270728,Orlando Gill,Goalkeeper,2000-06-11,26,Paraguay
Paraguay,1436,Fabián Balbuena,Defence,1991-08-23,34,Paraguay
Paraguay,1741,Gustavo Gómez,Defence,1993-05-06,33,Paraguay
Paraguay,8395,Júnior Alonso,Defence,1993-02-09,33,Paraguay
Paraguay,46491,Omar Alderete,Defence,1996-12-26,29,Paraguay
Paraguay,141752,Juan Cáceres,Defence,2000-06-01,26,Paraguay
Paraguay,172169,Gustavo Velázquez,Defence,1991-04-17,35,Paraguay
Paraguay,178832,José Canale,Defence,1996-07-20,29,Paraguay
Paraguay,274608,Alexandro Maidana,Defence,2005-07-26,20,Paraguay
Paraguay,46467,Andrés Cubas,Midfield,1996-05-11,30,Paraguay
Paraguay,57316,Kaku,Midfield,1995-01-11,31,Paraguay
Paraguay,76861,Miguel Almirón,Midfield,1994-02-10,32,Paraguay
Paraguay,119594,Mauricio,Midfield,2001-06-22,24,Paraguay
Paraguay,122397,Braian Ojeda,Midfield,2000-06-27,25,Paraguay
Paraguay,165622,Matías Galarza,Midfield,2002-02-11,24,Paraguay
Paraguay,168954,Damian Bobadilla,Midfield,2001-07-11,24,Paraguay
Paraguay,178951,Diego Gómez,Midfield,2003-03-27,23,Paraguay
Paraguay,14,Antonio Sanabria,Offence,1996-03-04,30,Paraguay
Paraguay,59693,Gabriel Ávalos,Offence,1990-10-12,35,Paraguay
Paraguay,114353,Isidro Pitta,Offence,1999-08-14,26,Paraguay
Paraguay,140647,Ramón Sosa,Offence,1999-08-31,26,Paraguay
Paraguay,168949,Julio Enciso,Offence,2004-01-23,22,Paraguay
Paraguay,191772,Gustavo Caballero,Offence,2001-09-21,24,Paraguay
Paraguay,250206,Alex Arce,Offence,1995-06-16,30,Paraguay
Argentina,6,Géronimo Rulli,Goalkeeper,1992-05-20,34,Argentina
Argentina,3141,Emiliano Martínez,Goalkeeper,1992-09-02,33,Argentina
Argentina,46554,Juan Musso,Goalkeeper,1994-05-06,32,Argentina
Argentina,3205,Nicolás Otamendi,Defence,1988-02-12,38,Argentina
Argentina,3208,Nicolás Tagliafico,Defence,1992-08-31,33,Argentina
Argentina,11667,Gonzalo Montiel,Defence,1997-01-01,29,Argentina
Argentina,45735,Christian Romero,Defence,1998-04-27,28,Argentina
Argentina,46125,Facundo Medina,Defence,1999-05-28,27,Argentina
Argentina,46451,Lisandro Martínez,Defence,1998-01-18,28,Argentina
Argentina,46452,Nahuel Molina,Defence,1998-04-06,28,Argentina
Argentina,82020,Leonardo Balerdi,Defence,1999-01-26,27,Argentina
Argentina,170261,Valentin Barco,Defence,2004-07-23,21,Argentina
Argentina,2127,Rodrigo de Paul,Midfield,1994-05-24,32,Argentina
Argentina,3214,Leandro Paredes,Midfield,1994-06-29,31,Argentina
Argentina,3216,Giovani Lo Celso,Midfield,1996-04-09,30,Argentina
Argentina,11720,Exequiel Palacios,Midfield,1998-10-05,27,Argentina
Argentina,45681,Alexis Mac Allister,Midfield,1998-12-24,27,Argentina
Argentina,79953,Thiago Almada,Midfield,2001-04-26,25,Argentina
Argentina,102603,Enzo Fernández,Midfield,2001-01-17,25,Argentina
Argentina,203511,Nico Paz,Midfield,2004-09-08,21,Argentina
Argentina,3218,Lionel Messi,Offence,1987-06-24,38,Argentina
Argentina,3220,Lautaro Martínez,Offence,1997-08-22,28,Argentina
Argentina,45680,Nicolás González,Offence,1998-04-06,28,Argentina
Argentina,98571,Julián Álvarez,Offence,2000-01-31,26,Argentina
Argentina,170698,José Manuel López,Offence,2000-12-06,25,Argentina
Argentina,171964,Giuliano Simeone,Offence,2002-12-18,23,Argentina
Ghana,495,Lawrence Ati-Zigi,Goalkeeper,1996-11-29,29,Ghana
Ghana,137390,Joseph Anang,Goalkeeper,2000-06-08,26,England
Ghana,277336,Benjamin Asare,Goalkeeper,1992-07-13,33,Ghana
Ghana,6499,Abdul Rahman Baba,Defence,1994-07-02,31,Ghana
Ghana,7442,Derrick Luckassen,Defence,1995-07-03,30,Netherlands
Ghana,16340,Gideon Mensah,Defence,1998-07-18,27,Ghana
Ghana,25641,Abdul Mumin,Defence,1998-06-06,28,Ghana
Ghana,128235,Jerome Opoku,Defence,1998-10-14,27,Ghana
Ghana,147893,Alidu Seidu,Defence,2000-06-04,26,Ghana
Ghana,153924,Marvin Senaya,Defence,2001-01-28,25,Ghana
Ghana,191269,Jonas Adjei Adjetey,Defence,2003-12-13,22,Ghana
Ghana,202896,Kojo Peprah Oppong,Defence,2004-06-04,22,Ghana
Ghana,110,Thomas Partey,Midfield,1993-06-13,32,Ghana
Ghana,8470,Elisha Owusu,Midfield,1997-11-07,28,Ghana
Ghana,79960,Kwasi Sibo,Midfield,1998-06-24,27,Ghana
Ghana,175747,Augustine Boakye,Midfield,2000-11-03,25,Ghana
Ghana,262187,Caleb Yirenkyi,Midfield,2006-01-15,20,Ghana
Ghana,4417,Antoine Semenyo,Offence,2000-01-07,26,Ghana
Ghana,6389,Brandon Thomas-Asante,Offence,1998-12-29,27,Ghana
Ghana,7984,Jordan Ayew,Offence,1991-09-11,34,Ghana
Ghana,32629,Iñaki Williams,Offence,1994-06-15,31,Ghana
Ghana,142140,Kamal Deen Sulemana,Offence,2002-02-15,24,Ghana
Ghana,184726,Ernest Nuamah,Offence,2003-11-01,22,Ghana
Ghana,187162,Abdul Issahaku,Offence,2004-03-08,22,Ghana
Ghana,193596,Christopher Bonsu Baah,Offence,2004-12-14,21,Ghana
Ghana,218805,Prince Adu,Offence,2003-09-23,22,Ghana
Brazil,1170,Weverton,Goalkeeper,1987-12-13,38,Brazil
Brazil,1795,Alisson Becker,Goalkeeper,1992-10-02,33,Brazil
Brazil,3222,Ederson,Goalkeeper,1993-08-17,32,Brazil
Brazil,1081,Roger Ibañez,Defence,1998-11-23,27,Brazil
Brazil,1106,Bremer,Defence,1997-03-18,29,Brazil
Brazil,2028,Alex Sandro,Defence,1991-01-26,35,Brazil
Brazil,3225,Marquinhos,Defence,1994-05-14,32,Brazil
Brazil,6517,Douglas Santos,Defence,1994-03-22,32,Brazil
Brazil,7881,Danilo Luiz da Silva,Defence,1991-07-15,34,Brazil
Brazil,11192,Léo Pereira,Defence,1996-01-31,30,Brazil
Brazil,23128,Gabriel Magalhães,Defence,1997-12-19,28,Brazil
Brazil,179164,Wesley,Defence,2003-09-06,22,Brazil
Brazil,1543,Lucas Paquetá,Midfield,1997-08-27,28,Brazil
Brazil,1684,Bruno Guimarães,Midfield,1997-11-16,28,Brazil
Brazil,3231,Casemiro,Midfield,1992-02-23,34,Brazil
Brazil,8749,Fabinho,Midfield,1993-10-23,32,Brazil
Brazil,149704,Danilo dos Santos de Oliveira,Midfield,2001-04-29,25,Brazil
Brazil,1556,Vinicius Junior,Offence,2000-07-12,25,Brazil
Brazil,8491,Neymar,Offence,1992-02-05,34,Brazil
Brazil,30842,Matheus Cunha,Offence,1999-05-27,27,Brazil
Brazil,37428,Raphinha,Offence,1996-12-14,29,Brazil
Brazil,61450,Martinelli,Offence,2001-06-18,24,Brazil
Brazil,138230,Thiago,Offence,2001-06-26,24,Brazil
Brazil,145539,Luiz Henrique,Offence,2001-01-02,25,Brazil
Brazil,188487,Endrick,Offence,2006-07-21,19,Brazil
Brazil,203356,Rayan,Offence,2006-08-03,19,Brazil
Portugal,15899,José Sá,Goalkeeper,1993-01-17,33,Portugal
Portugal,32014,Rui Silva,Goalkeeper,1994-02-07,32,Portugal
Portugal,37362,Diogo Costa,Goalkeeper,1999-09-19,26,Switzerland
Portugal,2000,João Cancelo,Defence,1994-05-27,32,Portugal
Portugal,10183,Rúben Dias,Defence,1997-05-14,29,Portugal
Portugal,15862,Nélson Semedo,Defence,1993-11-16,32,Portugal
Portugal,15905,Diogo Dalot,Defence,1999-03-18,27,Portugal
Portugal,91512,Matheus Nunes,Defence,1998-08-27,27,Portugal
Portugal,144570,Nuno Mendes,Defence,2002-06-19,23,Portugal
Portugal,145357,Gonçalo Inácio,Defence,2001-08-25,24,Portugal
Portugal,177842,Tomas Araujo,Defence,2002-05-16,24,Portugal
Portugal,178769,Renato Veiga,Defence,2003-07-29,22,Portugal
Portugal,3254,Bernardo Silva,Midfield,1994-08-10,31,Portugal
Portugal,3255,Rúben Neves,Midfield,1997-03-13,29,Portugal
Portugal,3257,Bruno Fernandes,Midfield,1994-09-08,31,Portugal
Portugal,3259,Gonçalo Guedes,Midfield,1996-11-29,29,Portugal
Portugal,140814,Samuel Almeida Costa,Midfield,2000-11-27,25,Portugal
Portugal,178722,Vitinha,Midfield,2000-02-13,26,Portugal
Portugal,190877,Joao Neves,Midfield,2004-09-27,21,Portugal
Portugal,44,Cristiano Ronaldo,Offence,1985-02-05,41,Portugal
Portugal,2074,Pedro Neto,Offence,2000-03-09,26,Portugal
Portugal,15892,Rafael Leão,Offence,1999-06-10,27,Portugal
Portugal,37332,Trincão,Offence,1999-12-29,26,Portugal
Portugal,39265,João Félix,Offence,1999-11-10,26,Portugal
Portugal,101431,Gonçalo Ramos,Offence,2001-06-20,24,Portugal
Portugal,150791,Francisco Conceição,Offence,2002-12-14,23,Portugal
Japan,48729,Keisuke Ōsako,Goalkeeper,1999-07-28,26,Japan
Japan,118920,Zion Suzuki,Goalkeeper,2002-08-21,23,Japan
Japan,161335,Tomoki Hayakawa,Goalkeeper,1999-03-03,27,Japan
Japan,3264,Yūto Nagatomo,Defence,1986-09-12,39,Japan
Japan,9034,Takehiro Tomiyasu,Defence,1998-11-05,27,Japan
Japan,48657,Hiroki Ito,Defence,1999-05-12,27,Japan
Japan,48670,Yukinari Sugawara,Defence,2000-06-28,25,Japan
Japan,48902,Ko Itakura,Defence,1997-01-27,29,Japan
Japan,49097,Shogo Taniguchi,Defence,1991-07-15,34,Japan
Japan,113230,Ayumu Seko,Defence,2000-06-07,26,Japan
Japan,113595,Tsuyoshi Watanabe,Defence,1997-02-05,29,Japan
Japan,181210,Junnosuke Suzuki,Defence,2003-07-12,22,Japan
Japan,3269,Wataru Endō,Midfield,1993-02-09,33,Japan
Japan,6716,Daichi Kamada,Midfield,1996-08-05,29,Japan
Japan,48555,Takefusa Kubo,Midfield,2001-06-04,25,Japan
Japan,48595,Keito Nakamura,Midfield,2000-07-28,25,Japan
Japan,49105,Ao Tanaka,Midfield,1998-09-10,27,Japan
Japan,114809,Kaishu Sano,Midfield,2000-12-30,25,Japan
Japan,145293,Yuito Suzuki,Midfield,2001-10-25,24,Japan
Japan,7531,Ritsu Doan,Offence,1998-06-16,27,Japan
Japan,44017,Daizen Maeda,Offence,1997-10-20,28,Japan
Japan,48659,Koki Ogawa,Offence,1997-08-08,28,Japan
Japan,49080,Junya Ito,Offence,1993-03-09,33,Japan
Japan,119460,Ayase Ueda,Offence,1998-08-28,27,Japan
Japan,247160,Kento Shiogai,Offence,2005-03-26,21,Japan
Japan,274204,Keisuke Goto,Offence,2005-06-03,21,Japan
Mexico,3285,Guillermo Ochoa,Goalkeeper,1985-07-13,40,Mexico
Mexico,39540,Carlos Acevedo,Goalkeeper,1996-04-19,30,Mexico
Mexico,177674,José Rangel,Goalkeeper,2000-02-25,26,Mexico
Mexico,3298,Jesús Gallardo,Defence,1994-08-15,31,Mexico
Mexico,39246,César Montes,Defence,1997-02-24,29,Mexico
Mexico,39330,Johan Vásquez,Defence,1998-10-22,27,Mexico
Mexico,39546,Jorge Sánchez,Defence,1997-12-10,28,Mexico
Mexico,84096,Israel Reyes,Defence,2000-05-23,26,Mexico
Mexico,246145,Mateo Chávez,Defence,2004-05-12,22,Mexico
Mexico,3293,Edson Álvarez,Midfield,1997-10-24,28,Mexico
Mexico,38786,Orbelín Pineda,Midfield,1996-03-24,30,Mexico
Mexico,39587,Luis Chávez,Midfield,1996-01-15,30,Mexico
Mexico,39927,Luis Romo,Midfield,1995-06-05,31,Mexico
Mexico,76356,Erik Lira,Midfield,2000-05-08,26,Mexico
Mexico,99992,Álvaro Fidalgo,Midfield,1997-04-09,29,Spain
Mexico,144457,Brian Gutiérrez,Midfield,2003-06-17,22,Mexico
Mexico,170442,Obed Vargas,Midfield,2005-08-05,20,Mexico
Mexico,264596,Gilberto Mora,Midfield,2008-10-14,17,Mexico
Mexico,3305,Raúl Jiménez,Offence,1991-05-05,35,Mexico
Mexico,39237,Julián Quiñones,Offence,1997-03-24,29,Colombia
Mexico,39472,Roberto Alvarado,Offence,1998-09-07,27,Mexico
Mexico,39635,Santiago Giménez,Offence,2001-04-18,25,Mexico
Mexico,39667,Alexis Vega,Offence,1997-11-25,28,Mexico
Mexico,39833,Guillermo Martínez,Offence,1995-03-15,31,Mexico
Mexico,98820,César Huerta,Offence,2000-12-03,25,Mexico
Mexico,229284,Armando González,Offence,2003-04-20,23,Mexico
England,3309,Jordan Pickford,Goalkeeper,1994-03-07,32,England
England,5457,Dean Henderson,Goalkeeper,1997-03-12,29,England
England,153874,James Trafford,Goalkeeper,2002-10-10,23,England
England,3313,John Stones,Defence,1994-05-28,32,England
England,4870,Dan Burn,Defence,1992-05-09,34,England
England,6317,Ezri Konsa,Defence,1997-10-23,28,England
England,56628,Reece James,Defence,1999-12-08,26,England
England,80775,Djed Spence,Defence,2000-08-09,25,England
England,118489,Marc Guéhi,Defence,2000-07-13,25,England
England,168712,Valentino Livramento,Defence,2002-11-12,23,England
England,176718,Jarell Quansah,Defence,2003-01-29,23,England
England,206743,Nico O'Reilly,Defence,2005-03-21,21,England
England,3320,Jordan Henderson,Midfield,1990-06-17,35,England
England,4032,Eberechi Eze,Midfield,1998-06-29,27,England
England,7848,Anthony Gordon,Midfield,2001-02-24,25,England
England,8215,Declan Rice,Midfield,1999-01-14,27,England
England,82140,Morgan Rogers,Midfield,2002-07-26,23,England
England,107330,Elliot Anderson,Midfield,2002-11-06,23,England
England,125010,Jude Bellingham,Midfield,2003-06-29,22,England
England,190797,Kobbie Mainoo,Midfield,2005-04-19,21,England
England,3331,Marcus Rashford,Offence,1997-10-31,28,England
England,4444,Ollie Watkins,Offence,1995-12-30,30,England
England,5453,Ivan Toney,Offence,1996-03-16,30,England
England,8004,Harry Kane,Offence,1993-07-28,32,England
England,99813,Bukayo Saka,Offence,2001-09-05,24,England
England,167720,Noni Madueke,Offence,2002-03-10,24,England
United States,76936,Matt Turner,Goalkeeper,1994-06-24,31,USA
United States,113261,Matt Freese,Goalkeeper,1998-09-02,27,USA
United States,167172,Chris Brady,Goalkeeper,2004-03-03,22,USA
United States,3927,Antonee Robinson,Defence,1997-08-08,28,USA
United States,3956,Tim Ream,Defence,1987-10-05,38,USA
United States,76866,Miles Robinson,Defence,1997-03-14,29,USA
United States,77185,Auston Trusty,Defence,1998-08-12,27,USA
United States,77803,Mark McKenzie,Defence,1999-02-25,27,USA
United States,82442,Joseph Scally,Defence,2002-12-31,23,USA
United States,97534,Sergiño Dest,Defence,2000-11-03,25,USA
United States,99856,Chris Richards,Defence,2000-03-28,26,USA
United States,177823,Alex Freeman,Defence,2004-08-09,21,USA
United States,6507,Weston McKennie,Midfield,1998-08-28,27,USA
United States,39023,Alejandro Zendejas,Midfield,1998-02-07,28,USA
United States,77029,Cristian Roldan,Midfield,1995-06-03,31,USA
United States,77596,Tyler Adams,Midfield,1999-02-14,27,USA
United States,113262,Brenden Aaronson,Midfield,2000-10-22,25,USA
United States,136733,Gio Reyna,Midfield,2002-11-13,23,USA
United States,140416,Sebastian Berhalter,Midfield,2001-05-17,25,USA
United States,144470,Malik Tillman,Midfield,2002-05-28,24,USA
United States,145,Christian Pulisic,Offence,1998-09-18,27,USA
United States,8492,Tim Weah,Offence,2000-02-22,26,USA
United States,10076,Haji Wright,Offence,1998-03-27,28,USA
United States,119731,Ricardo Pepi,Offence,2003-01-09,23,USA
United States,131040,Folarin Balogun,Offence,2001-07-03,24,USA
United States,192180,Max Arfsten,Offence,2001-04-19,25,USA
South Korea,166683,Seung-Gyu Kim,Goalkeeper,1990-09-30,35,South Korea
South Korea,189673,Bum-keun Song,Goalkeeper,1997-10-15,28,South Korea
South Korea,189775,Hyeon-woo Jo,Goalkeeper,1991-09-25,34,South Korea
South Korea,168299,Min-Jae Kim,Defence,1996-11-15,29,South Korea
South Korea,171221,Moon-hwan Kim,Defence,1995-08-01,30,South Korea
South Korea,217715,Han-bum Lee,Defence,2002-06-17,23,South Korea
South Korea,243858,Young-woo Seol,Defence,1998-12-05,27,South Korea
South Korea,244407,Jin-seob Park,Defence,1995-10-23,30,South Korea
South Korea,246906,Tae-hyeon Kim,Defence,2000-09-17,25,South Korea
South Korea,254209,Gi-hyuk Lee,Defence,2000-07-07,25,South Korea
South Korea,282051,Tae-seok Lee,Defence,2002-07-28,23,South Korea
South Korea,151888,Jens Castrop,Midfield,2003-07-29,22,South Korea
South Korea,170561,In-beom Hwang,Midfield,1996-09-20,29,South Korea
South Korea,177318,Dong-gyeong Lee,Midfield,1997-09-20,28,South Korea
South Korea,179889,Jae-sung Lee,Midfield,1992-08-10,33,South Korea
South Korea,189741,Jin-Gyu Kim,Midfield,1997-02-24,29,South Korea
South Korea,189752,Seung-Ho Paik,Midfield,1997-03-17,29,South Korea
South Korea,213217,Kang-in Lee,Midfield,2001-02-19,25,South Korea
South Korea,217655,Joon-ho Bae,Midfield,2003-08-21,22,South Korea
South Korea,3354,Hwang Heechan,Offence,1996-01-26,30,South Korea
South Korea,170281,Heung-min Son,Offence,1992-07-08,33,South Korea
South Korea,189665,Hyun-jun Yang,Offence,2002-05-25,24,South Korea
South Korea,189762,Gue-Sung Cho,Offence,1998-01-25,28,South Korea
South Korea,191295,Hyun-Gyu Oh,Offence,2001-04-12,25,South Korea
South Korea,261683,Ji-sung Eom,Offence,2002-05-09,24,South Korea
France,8316,Brice Samba,Goalkeeper,1994-04-25,32,France
France,8390,Mike Maignan,Goalkeeper,1995-07-03,30,France
France,188389,Robin Risser,Goalkeeper,2004-12-02,21,France
France,71,Theo Hernández,Defence,1997-10-06,28,France
France,3359,Lucas Digne,Defence,1993-07-20,32,France
France,3365,Lucas Hernández,Defence,1996-02-14,30,France
France,8499,Jules Koundé,Defence,1998-11-12,27,France
France,9541,Dayot Upamecano,Defence,1998-10-27,27,France
France,9542,Ibrahima Konaté,Defence,1999-05-25,27,France
France,80171,William Saliba,Defence,2001-03-24,25,France
France,82351,Maxence Lacroix,Defence,2000-04-06,26,France
France,152498,Malo Gusto,Defence,2003-05-19,23,France
France,3367,N'Golo Kanté,Midfield,1991-03-29,35,France
France,3368,Adrien Rabiot,Midfield,1995-04-03,31,France
France,8514,Aurélien Tchouameni,Midfield,2000-01-27,26,France
France,102395,Manu Koné,Midfield,2001-05-17,25,France
France,133242,Rayan Cherki,Midfield,2003-08-17,22,France
France,175701,Maghnes Akliouche,Midfield,2002-02-25,24,France
France,177522,Desire Doue,Midfield,2005-06-03,21,France
France,186089,Warren Zaïre-Emery,Midfield,2006-03-08,20,France
France,641,Jean-Philippe Mateta,Offence,1997-06-28,28,France
France,3373,Ousmane Dembélé,Offence,1997-05-15,29,France
France,3374,Kylian Mbappé,Offence,1998-12-20,27,France
France,8685,Marcus Thuram-Ulien,Offence,1997-08-06,28,France
France,113765,Michael Olise,Offence,2001-12-12,24,France
France,172762,Bradley Barcola,Offence,2002-09-02,23,France
South Africa,33986,Ronwen Williams,Goalkeeper,1992-01-21,34,South Africa
South Africa,34123,Sipho Chaine,Goalkeeper,1996-12-14,29,South Africa
South Africa,34456,Ricardo Goss,Goalkeeper,1994-04-02,32,South Africa
South Africa,33994,Aubrey Modiba,Defence,1995-07-22,30,South Africa
South Africa,34481,Nkosinathi Sibisi,Defence,1995-09-22,30,South Africa
South Africa,74101,Khuliso Mudau,Defence,1995-04-26,31,South Africa
South Africa,217832,Olwethu Makhanya,Defence,2004-04-30,22,South Africa
South Africa,245836,Bradley Cross,Defence,2001-01-30,25,South Africa
South Africa,277223,Samukelo Kabini,Defence,2004-03-15,22,South Africa
South Africa,279850,Ime Okon,Defence,2004-02-20,22,South Africa
South Africa,285992,Mbekezeli Mbokazi,Defence,2005-09-19,20,South Africa
South Africa,286005,Khulumani Ndamane,Defence,2004-02-05,22,South Africa
South Africa,287754,Tholo Matuludi,Defence,1999-01-14,27,South Africa
South Africa,33954,Themba Zwane,Midfield,1989-08-03,36,South Africa
South Africa,34012,Teboho Mokoena,Midfield,1997-01-24,29,South Africa
South Africa,133788,Sphephelo Sithole,Midfield,1999-03-03,27,South Africa
South Africa,147928,Jayden Adams,Midfield,2001-05-05,25,South Africa
South Africa,245495,Thapelo Maseko,Midfield,2002-11-11,23,South Africa
South Africa,277299,Thalente Mbatha,Midfield,2000-03-06,26,South Africa
South Africa,286003,Kamogelo Sebelebele,Midfield,2002-07-21,23,South Africa
South Africa,34760,Lyle Foster,Offence,2000-09-04,25,South Africa
South Africa,118915,Oswin Appollis,Offence,2001-08-25,24,South Africa
South Africa,124636,Iqraam Rayners,Offence,1995-12-19,30,South Africa
South Africa,245511,Evidence Makgopa,Offence,2000-06-05,26,South Africa
South Africa,270771,Relebohile Mofokeng,Offence,2004-10-23,21,South Africa
South Africa,287753,Tshepang Moremi,Offence,2000-10-02,25,South Africa
Algeria,3871,Luca Zidane,Goalkeeper,1998-05-13,28,Algeria
Algeria,130440,Oussama Benbout,Goalkeeper,1994-10-11,31,Algeria
Algeria,171469,Melvin Mastil,Goalkeeper,2000-02-19,26,France
Algeria,19,Aïssa Mandi,Defence,1991-10-22,34,Algeria
Algeria,8642,Rayan Aït Nouri,Defence,2001-06-06,25,Algeria
Algeria,8805,Ramy Bensebaini,Defence,1995-04-16,31,Algeria
Algeria,116150,Samir Chergui,Defence,1999-02-06,27,Algeria
Algeria,147891,Jaouen Hadjam,Defence,2003-03-26,23,Algeria
Algeria,160756,Rafik Belghali,Defence,2002-06-07,24,Algeria
Algeria,245545,Zinédine Belaïd,Defence,1999-03-20,27,Algeria
Algeria,245574,Amine Tougai,Defence,2000-01-22,26,Algeria
Algeria,6503,Nabil Bentaleb,Midfield,1994-11-24,31,Algeria
Algeria,8466,Houssem Aouar,Midfield,1998-06-30,27,Algeria
Algeria,123508,Hicham Boudaoui,Midfield,1999-09-23,26,Algeria
Algeria,124715,Ramiz Zerrouki,Midfield,1998-05-26,28,Algeria
Algeria,178658,Fares Chaïbi,Midfield,2002-11-28,23,Algeria
Algeria,202532,Ibrahim Maza,Midfield,2005-11-24,20,Algeria
Algeria,261523,Yacine Titraoui,Midfield,2003-07-26,22,Algeria
Algeria,8069,Riyad Mahrez,Offence,1991-02-21,35,Algeria
Algeria,8476,Amine Gouiri,Offence,2000-02-16,26,Algeria
Algeria,180827,Mohammed Amoura,Offence,2000-05-09,26,Algeria
Algeria,192676,Nadhir Benbouali,Offence,2000-04-17,26,Algeria
Algeria,244466,Anis Moussa,Offence,2002-02-11,24,Algeria
Algeria,245324,Farés Ghedjemis,Offence,2002-09-06,23,Algeria
Australia,3403,Maty Ryan,Goalkeeper,1992-04-08,34,Australia
Australia,4697,Paul Izzo,Goalkeeper,1995-01-06,31,Australia
Australia,3407,Aziz Behich,Defence,1990-12-16,35,Australia
Australia,3410,Miloš Degenek,Defence,1994-04-28,32,Australia
Australia,4646,Kye Rowles,Defence,1998-06-24,27,Australia
Australia,4795,Jacob Italiano,Defence,2001-07-30,24,Australia
Australia,5432,Cameron Burgess,Defence,1995-10-21,30,Australia
Australia,56254,Jason Geria,Defence,1993-05-10,33,Australia
Australia,176299,Jordan Bos,Defence,2002-10-29,23,Australia
Australia,176730,Alessandro Circati,Defence,2003-10-10,22,Australia
Australia,270733,Lucas Herrington,Defence,2007-09-05,18,Australia
Australia,4525,Riley McGree,Midfield,1998-11-02,27,Australia
Australia,4563,Kai Trewin,Midfield,2001-05-18,25,Australia
Australia,4635,Connor Metcalfe,Midfield,1999-11-05,26,Australia
Australia,7528,Ajdin Hrustic,Midfield,1996-07-05,29,Australia
Australia,8053,Aiden O'Neill,Midfield,1998-07-04,27,Australia
Australia,165042,Patrick Yazbek,Midfield,2002-08-22,23,Australia
Australia,170584,Alex Robertson,Midfield,2003-04-17,23,Australia
Australia,263718,Paul Okon-Engstler,Midfield,2005-01-24,21,Australia
Australia,34644,Martin Boyle,Offence,1993-04-25,33,Australia
Australia,45143,Awer Mabil,Offence,1995-09-15,30,Australia
Australia,147641,Deni Jurić,Offence,1997-09-03,28,Australia
Australia,167783,Nishan Velupillay,Offence,2001-05-07,25,Australia
Australia,177187,Nestory Irankunda,Offence,2006-02-09,20,Australia
Australia,292208,Ante Šuto,Offence,2000-06-19,25,Australia
New Zealand,48418,Max Crocombe,Goalkeeper,1993-08-12,32,New Zealand
New Zealand,80167,Michael Woud,Goalkeeper,1999-01-16,27,New Zealand
New Zealand,176204,Alex Paulsen,Goalkeeper,2002-07-04,23,New Zealand
New Zealand,4690,Liberato Cacace,Defence,2000-09-27,25,New Zealand
New Zealand,11392,Tommy Smith,Defence,1990-03-31,36,New Zealand
New Zealand,77036,Michael Boxall,Defence,1988-08-18,37,New Zealand
New Zealand,111787,Francis De Vries,Defence,1994-11-28,31,New Zealand
New Zealand,113754,Callan Elliot,Defence,1999-07-07,26,New Zealand
New Zealand,125116,Tim Payne,Defence,1994-01-10,32,New Zealand
New Zealand,146549,Nando Pijnaker,Defence,1999-02-25,27,New Zealand
New Zealand,176993,Finn Surman,Defence,2003-09-23,22,New Zealand
New Zealand,214425,Tyler Bindon,Defence,2005-01-27,21,New Zealand
New Zealand,4680,Alex Rufer,Midfield,1996-06-12,29,New Zealand
New Zealand,4684,Sarpreet Singh,Midfield,1999-02-20,27,New Zealand
New Zealand,7723,Ryan Thomas,Midfield,1994-12-20,31,New Zealand
New Zealand,125117,Callum McCowatt,Midfield,1999-04-30,27,New Zealand
New Zealand,144646,Joe Bell,Midfield,1999-04-27,27,New Zealand
New Zealand,156513,Marko Stamenic,Midfield,2002-02-19,24,New Zealand
New Zealand,177602,Ben Old,Midfield,2002-08-13,23,New Zealand
New Zealand,4593,Kosta Barbarouses,Offence,1990-02-19,36,New Zealand
New Zealand,8057,Chris Wood,Offence,1991-12-07,34,New Zealand
New Zealand,82829,Ben Waine,Offence,2001-06-11,25,New Zealand
New Zealand,118981,Elijah Just,Offence,2000-05-01,26,New Zealand
New Zealand,185023,Matthew Garbett,Offence,2002-04-13,24,New Zealand
New Zealand,218039,Lachlan Bayliss,Offence,2002-07-24,23,New Zealand
New Zealand,261259,Jesse Randall,Offence,2002-08-19,23,New Zealand
Switzerland,334,Gregor Kobel,Goalkeeper,1997-12-06,28,Switzerland
Switzerland,9534,Yvon Mvogo,Goalkeeper,1994-06-06,32,Switzerland
Switzerland,205190,Marvin Keller,Goalkeeper,2002-07-03,23,Switzerland
Switzerland,143,Manuel Akanji,Defence,1995-07-19,30,Switzerland
Switzerland,1745,Ricardo Rodriguez,Defence,1992-08-25,33,Switzerland
Switzerland,2114,Silvan Widmer,Defence,1993-03-05,33,Switzerland
Switzerland,3475,Nico Elvedi,Defence,1996-09-30,29,Switzerland
Switzerland,30823,Eray Cömert,Defence,1998-02-04,28,Switzerland
Switzerland,50215,Miro Muheim,Defence,1998-03-24,28,Switzerland
Switzerland,169297,Aurele Amenda,Defence,2003-07-31,22,Switzerland
Switzerland,176711,Luca Jaquez,Defence,2003-06-02,23,Switzerland
Switzerland,1841,Remo Freuler,Midfield,1992-04-15,34,Switzerland
Switzerland,3477,Granit Xhaka,Midfield,1992-09-27,33,Switzerland
Switzerland,6687,Denis Zakaria,Midfield,1996-11-20,29,Switzerland
Switzerland,16265,Michel Aebischer,Midfield,1997-01-06,29,Switzerland
Switzerland,16275,Djibril Sow,Midfield,1997-02-06,29,Switzerland
Switzerland,16281,Christian Fassnacht,Midfield,1993-11-11,32,Switzerland
Switzerland,31913,Ruben Vargas,Midfield,1998-08-05,27,Switzerland
Switzerland,144909,Ardon Jasari,Midfield,2002-07-30,23,Switzerland
Switzerland,152692,Fabian Rieder,Midfield,2002-02-16,24,Switzerland
Switzerland,212309,Johan Manzambi,Midfield,2005-10-14,20,Switzerland
Switzerland,3483,Breel Embolo,Offence,1997-02-14,29,Switzerland
Switzerland,16058,Noah Okafor,Offence,2000-05-24,26,Switzerland
Switzerland,30780,Cédric Itten,Offence,1996-12-27,29,Switzerland
Switzerland,77641,Dan Ndoye,Offence,2000-10-25,25,Switzerland
Switzerland,122313,Zeki Amdouni,Offence,2000-12-04,25,Switzerland
Ecuador,24545,Hernán Galíndez,Goalkeeper,1987-03-30,39,Ecuador
Ecuador,24881,Gonzalo Valle,Goalkeeper,1996-02-28,30,Ecuador
Ecuador,169139,Moisés Ramírez,Goalkeeper,2000-09-09,25,Ecuador
Ecuador,24673,Ángelo Preciado,Defence,1998-02-18,28,Ecuador
Ecuador,24740,Félix Torres,Defence,1997-01-11,29,Ecuador
Ecuador,32642,Pervis Estupiñán,Defence,1998-01-21,28,Ecuador
Ecuador,114102,William Pacho,Defence,2001-10-16,24,Ecuador
Ecuador,114331,Jackson Porozo,Defence,2000-08-04,25,Ecuador
Ecuador,125674,Piero Hincapié,Defence,2002-01-09,24,Ecuador
Ecuador,178928,Joel Ordoñez,Defence,2004-04-21,22,Ecuador
Ecuador,192819,Yaimar Medina,Defence,2004-11-05,21,Ecuador
Ecuador,24670,Alan Franco,Midfield,1998-08-21,27,Ecuador
Ecuador,24988,Jordy Alcívar,Midfield,1999-08-05,26,Ecuador
Ecuador,56066,Gonzalo Plata,Midfield,2000-11-01,25,Ecuador
Ecuador,121103,Moisés Caicedo,Midfield,2001-11-02,24,Ecuador
Ecuador,166131,Pedro Vite,Midfield,2002-03-09,24,Ecuador
Ecuador,179174,Alan Minda,Midfield,2003-05-14,23,Ecuador
Ecuador,206097,Kendry Paez,Midfield,2007-05-04,19,Ecuador
Ecuador,212692,Denil Castillo,Midfield,2004-03-24,22,Ecuador
Ecuador,24562,Jordy Caicedo,Offence,1997-11-18,28,Ecuador
Ecuador,40009,Enner Valencia,Offence,1989-11-04,36,Ecuador
Ecuador,98549,John Yeboah,Offence,2000-06-23,25,Ecuador
Ecuador,178940,Anthony Valencia,Offence,2003-07-21,22,Ecuador
Ecuador,187375,Nilson Angulo,Offence,2003-06-19,22,Ecuador
Ecuador,189975,Kevin Rodríguez,Offence,2000-03-04,26,Ecuador
Ecuador,215510,Jeremy,Offence,2005-03-19,21,Spain
Sweden,3484,Kristoffer Nordfeldt,Goalkeeper,1989-06-23,36,Sweden
Sweden,149732,Viktor Johansson,Goalkeeper,1998-09-14,27,Sweden
Sweden,180671,Jacob Widell Zetterström,Goalkeeper,1998-07-11,27,Sweden
Sweden,3492,Victor Nilsson-Lindelöf,Defence,1994-07-17,31,Sweden
Sweden,31019,Carl Starfelt,Defence,1995-06-01,31,Sweden
Sweden,31531,Gabriel Gudmundsson,Defence,1999-04-29,27,Sweden
Sweden,31560,Hjalmar Ekdal,Defence,1998-10-21,27,Sweden
Sweden,31926,Eric Smith,Defence,1997-01-08,29,Sweden
Sweden,145937,Daniel Svensson,Defence,2002-02-12,24,Sweden
Sweden,166538,Gustaf Lagerbielke,Defence,2000-04-10,26,Sweden
Sweden,167031,Isak Hien,Defence,1999-01-13,27,Sweden
Sweden,167409,Herman Johansson,Defence,1997-10-16,28,Sweden
Sweden,192811,Elliot Stroud,Defence,2002-06-22,23,Sweden
Sweden,3500,Ken Sema,Midfield,1993-09-30,32,Sweden
Sweden,15354,Mattias Svanberg,Midfield,1999-01-05,27,Sweden
Sweden,31065,Jesper Karlström,Midfield,1995-06-21,30,Sweden
Sweden,145613,Yasin Ayari,Midfield,2003-10-06,22,Sweden
Sweden,180627,Besfort Zeneli,Midfield,2002-11-21,23,Sweden
Sweden,180673,Taha Ali,Midfield,1998-07-01,27,Sweden
Sweden,193622,Lucas Bergvall,Midfield,2006-02-02,20,Sweden
Sweden,6486,Alexander Isak,Offence,1999-09-21,26,Sweden
Sweden,8279,Viktor Gyökeres,Offence,1998-06-04,28,Sweden
Sweden,24083,Gustaf Nilsson,Offence,1997-05-23,29,Sweden
Sweden,72511,Benjamin Nygren,Offence,2001-07-08,24,Sweden
Sweden,111622,Alexander Bernhardsson,Offence,1998-09-08,27,Sweden
Sweden,166376,Anthony Elanga,Offence,2002-04-27,24,Sweden
Czechia,120246,Jindřich Staněk,Goalkeeper,1996-04-27,30,Czech Republic
Czechia,136350,Matej Kovar,Goalkeeper,2000-05-17,26,Czech Republic
Czechia,146753,Lukáš Horníček,Goalkeeper,2002-07-13,23,Czech Republic
Czechia,62493,Ladislav Krejčí,Defence,1999-04-20,27,Czech Republic
Czechia,62536,Jaroslav Zelený,Defence,1992-08-20,33,Czech Republic
Czechia,62631,Vladimir Coufal,Defence,1992-08-22,33,Czech Republic
Czechia,62769,Tomáš Holeš,Defence,1993-03-31,33,Czech Republic
Czechia,127813,David Zima,Defence,2000-11-08,25,Czech Republic
Czechia,146716,David Jurásek,Defence,2000-08-07,25,Czech Republic
Czechia,188239,Robin Hranac,Defence,2000-01-29,26,Czech Republic
Czechia,254530,Štěpán Chaloupek,Defence,2003-03-08,23,Czech Republic
Czechia,6556,Vladimír Darida,Midfield,1990-08-08,35,Czech Republic
Czechia,15742,Tomáš Souček,Midfield,1995-02-27,31,Czech Republic
Czechia,62821,David Douděra,Midfield,1998-05-31,28,Czech Republic
Czechia,67970,Michal Sadílek,Midfield,1999-05-31,27,Czech Republic
Czechia,120279,Lukáš Provod,Midfield,1996-10-23,29,Czech Republic
Czechia,121312,Pavel Šulc,Midfield,2000-12-29,25,Czech Republic
Czechia,145322,Lukáš Červ,Midfield,2001-04-10,25,Czech Republic
Czechia,154082,Denis Višinský,Midfield,2003-03-21,23,Czech Republic
Czechia,269966,Alexandr Sojka,Midfield,2003-04-02,23,Czech Republic
Czechia,293648,Hugo Sochůrek,Midfield,2008-06-07,18,Czech Republic
Czechia,1826,Patrik Schick,Offence,1996-01-24,30,Czech Republic
Czechia,16396,Tomáš Chorý,Offence,1995-01-26,31,Czech Republic
Czechia,62726,Jan Kuchta,Offence,1997-01-08,29,Czech Republic
Czechia,99042,Adam Hložek,Offence,2002-07-25,23,Czech Republic
Czechia,99752,Mojmír Chytil,Offence,1999-04-29,27,Czech Republic
Croatia,3548,Dominik Livaković,Goalkeeper,1995-01-09,31,Croatia
Croatia,16577,Ivor Pandur,Goalkeeper,2000-03-25,26,Croatia
Croatia,67883,Dominik Kotarski,Goalkeeper,2000-02-10,26,Croatia
Croatia,10206,Duje Ćaleta-Car,Defence,1996-09-17,29,Croatia
Croatia,15110,Marin Pongračić,Defence,1997-09-11,28,Croatia
Croatia,74268,Martin Erlic,Defence,1998-01-24,28,Croatia
Croatia,122188,Josip Stanišić,Defence,2000-04-02,26,Croatia
Croatia,122266,Joško Gvardiol,Defence,2002-01-23,24,Croatia
Croatia,134835,Josip Šutalo,Defence,2000-02-28,26,Croatia
Croatia,216835,Luka Vušković,Defence,2007-02-24,19,Croatia
Croatia,43,Luka Modrić,Midfield,1985-09-09,40,Croatia
Croatia,65,Mateo Kovačić,Midfield,1994-05-06,32,Croatia
Croatia,3553,Mario Pašalić,Midfield,1995-02-09,31,Croatia
Croatia,7843,Nikola Vlašić,Midfield,1997-10-04,28,Croatia
Croatia,23135,Nikola Moro,Midfield,1998-03-12,28,Croatia
Croatia,23222,Kristijan Jakić,Midfield,1997-05-14,29,Croatia
Croatia,82516,Luka Sučić,Midfield,2002-09-08,23,Croatia
Croatia,154013,Petar Sucic,Midfield,2003-10-25,22,Croatia
Croatia,156912,Martin Baturina,Midfield,2003-02-16,23,Croatia
Croatia,216138,Toni Fruk,Midfield,2001-03-09,25,Croatia
Croatia,318,Andrej Kramarić,Offence,1991-06-19,34,Croatia
Croatia,2004,Ivan Perišić,Offence,1989-02-02,37,Croatia
Croatia,2237,Ante Budimir,Offence,1991-07-22,34,Croatia
Croatia,56589,Petar Musa,Offence,1998-03-04,28,Croatia
Croatia,150052,Marco Pašalić,Offence,2000-09-14,25,Croatia
Croatia,156629,Igor Matanovic,Offence,2003-03-31,23,Croatia
Saudi Arabia,3561,Mohammed Al Owais,Goalkeeper,1991-10-10,34,Saudi Arabia
Saudi Arabia,233580,Nawaf Al Aqidi,Goalkeeper,2000-05-10,26,Saudi Arabia
Saudi Arabia,249787,Ahmed Al Kassar,Goalkeeper,1991-05-08,35,Saudi Arabia
Saudi Arabia,103094,Abdulelah Al Amri,Defence,1997-01-15,29,Saudi Arabia
Saudi Arabia,129098,Saud Abdulhamid,Defence,1999-07-18,26,Saudi Arabia
Saudi Arabia,132018,Ali Lajami,Defence,1996-04-24,30,Saudi Arabia
Saudi Arabia,244368,Hassan Al Tambakti,Defence,1999-02-09,27,Saudi Arabia
Saudi Arabia,244552,Hassan Kadesh,Defence,1992-09-27,33,Saudi Arabia
Saudi Arabia,253246,Moteb Al Harbi,Defence,2000-02-20,26,Saudi Arabia
Saudi Arabia,3574,Salem Al Dawsari,Midfield,1991-08-19,34,Saudi Arabia
Saudi Arabia,3583,Abdullah Al Khaibari,Midfield,1996-08-16,29,Saudi Arabia
Saudi Arabia,166119,Nasser Al Dawsari,Midfield,1998-12-19,27,Saudi Arabia
Saudi Arabia,189703,Ayman Yahya,Midfield,2001-05-14,25,Saudi Arabia
Saudi Arabia,248781,Musab Al Juwayr,Midfield,2003-06-20,22,Saudi Arabia
Saudi Arabia,248783,Mohammed Kanno,Midfield,1994-09-22,31,Saudi Arabia
Saudi Arabia,114373,Sultan Mandash,Offence,1994-10-17,31,Saudi Arabia
Saudi Arabia,166114,Saleh Al Shehri,Offence,1993-11-01,32,Saudi Arabia
Saudi Arabia,189799,Abdullah Al-Hamdan,Offence,1999-09-12,26,
Saudi Arabia,244411,Khalid Al Ghannam,Offence,2000-11-07,25,Saudi Arabia
Saudi Arabia,249786,Firas Al Brikan,Offence,2000-05-14,26,Saudi Arabia
Tunisia,99393,Aymen Dahmen,Goalkeeper,1997-01-28,29,Tunisia
Tunisia,3595,Dylan Bronn,Defence,1995-06-19,30,Tunisia
Tunisia,99394,Ali El Abdi,Defence,1993-12-20,32,Tunisia
Tunisia,99799,Yan Valery,Defence,1999-02-22,27,Tunisia
Tunisia,130471,Mortadha Ben Ouanes,Defence,1994-07-02,31,Tunisia
Tunisia,144669,Omar Rekik,Defence,2001-12-20,24,Tunisia
Tunisia,173578,Yassine Chikhaoui,Defence,2004-06-09,22,
Tunisia,177695,Montassar Talbi,Defence,1998-05-26,28,Tunisia
Tunisia,189007,Moutaz Neffati,Defence,2004-09-04,21,Tunisia
Tunisia,273918,Mohamed Amine Ben Hamida,Defence,1995-12-15,30,Tunisia
Tunisia,285769,Adem Arous,Defence,2004-07-17,21,Tunisia
Tunisia,3608,Ellyes Skhiri,Midfield,1995-05-10,31,Tunisia
Tunisia,6657,Rani Khedira,Midfield,1994-01-27,32,Germany
Tunisia,141826,Anis Ben Slimane,Midfield,2001-03-16,25,Tunisia
Tunisia,161414,Ismaël Gharbi,Midfield,2004-04-10,22,Tunisia
Tunisia,169325,Hannibal Mejbri,Midfield,2003-01-21,23,Tunisia
Tunisia,171368,Elias Achouri,Midfield,1999-02-10,27,Tunisia
Tunisia,172854,Hadj Mahmoud,Midfield,2000-04-24,26,Tunisia
Tunisia,95125,Sebastian Tounekti,Offence,2002-07-13,23,Norway
Tunisia,97476,Firas Chaouat,Offence,1996-05-08,30,Tunisia
Tunisia,171927,Elias Saad,Offence,1999-12-27,26,Tunisia
Tunisia,277192,Hazem Mastouri,Offence,1997-06-18,28,Tunisia
Tunisia,279116,Rayan Elloumi,Offence,2007-09-17,18,Canada
Turkey,16641,Mert Günok,Goalkeeper,1989-03-01,37,Turkey
Turkey,29518,Altay Bayındır,Goalkeeper,1998-04-14,28,Turkey
Turkey,30283,Uğurcan Çakır,Goalkeeper,1996-04-05,30,Turkey
Turkey,9475,Çağlar Söyüncü,Defence,1996-05-23,30,Turkey
Turkey,9512,Kaan Ayhan,Defence,1994-11-10,31,Turkey
Turkey,9869,Ferdi Kadıoğlu,Defence,1999-10-07,26,Turkey
Turkey,10647,Mert Müldür,Defence,1999-04-03,27,Turkey
Turkey,29622,Zeki Çelik,Defence,1997-02-17,29,Turkey
Turkey,29804,Abdülkerim Bardakcı,Defence,1994-09-07,31,Turkey
Turkey,30548,Ozan Kabak,Defence,2000-03-25,26,Turkey
Turkey,37118,Merih Demiral,Defence,1998-03-05,28,Turkey
Turkey,127226,Samet Akaydın,Defence,1994-03-13,32,Turkey
Turkey,145831,Evren Eren Elmalı,Defence,2000-07-07,25,Turkey
Turkey,201,Salih Özcan,Midfield,1998-01-11,28,Turkey
Turkey,1754,Hakan Çalhanoğlu,Midfield,1994-02-08,32,Turkey
Turkey,7474,Orkun Kökçü,Midfield,2000-12-29,25,Turkey
Turkey,148295,İsmail Yüksek,Midfield,1999-01-26,27,Turkey
Turkey,159282,Barış Alper Yılmaz,Midfield,2000-05-23,26,Turkey
Turkey,169162,Arda Guler,Midfield,2005-02-25,21,Turkey
Turkey,171972,Oguz Aydin,Midfield,2000-10-27,25,Turkey
Turkey,180964,İrfan Kahveci,Midfield,1995-07-15,30,Turkey
Turkey,79906,Yunus Akgün,Offence,2000-07-07,25,Turkey
Turkey,149737,Muhammed Kerem Aktürkoğlu,Offence,1998-10-21,27,Turkey
Turkey,188466,Deniz Gul,Offence,2004-07-02,21,Sweden
Turkey,191712,Kenan Yıldız,Offence,2005-05-04,21,Turkey
Turkey,193605,Can Uzun,Offence,2005-11-11,20,Turkey
Senegal,805,Edouard Mendy,Goalkeeper,1992-03-01,34,Senegal
Senegal,8608,Yehvann Diouf,Goalkeeper,1999-11-16,26,Senegal
Senegal,20931,Mory Diaw,Goalkeeper,1993-06-22,32,Senegal
Senegal,194,Ismail Jakobs,Defence,1999-08-17,26,Senegal
Senegal,2086,Kalidou Koulibaly,Defence,1991-06-20,34,Senegal
Senegal,8723,Moussa Niakhaté,Defence,1996-03-08,30,Senegal
Senegal,38154,Abdoulaye Seck,Defence,1992-06-04,34,Senegal
Senegal,168667,Antoine Mendy,Defence,2004-05-27,22,Senegal
Senegal,190558,Nobel Mendy,Defence,2004-08-16,21,Senegal
Senegal,190866,Mamadou Sarr,Defence,2005-08-29,20,Senegal
Senegal,193633,El Hadji Malick Diouf,Defence,2023-02-21,3,Senegal
Senegal,633,Pape Gueye,Midfield,1999-01-24,27,Senegal
Senegal,3627,Idrissa Gana Guèye,Midfield,1989-09-26,36,Senegal
Senegal,8887,Krépin Diatta,Midfield,1999-02-25,27,Senegal
Senegal,37649,Pathé Ciss,Midfield,1994-03-16,32,Senegal
Senegal,170391,Pape Sarr,Midfield,2002-09-14,23,Senegal
Senegal,171876,Habib Diarra,Midfield,2004-01-03,22,Senegal
Senegal,204269,Lamine Camara,Midfield,2004-01-01,22,Senegal
Senegal,456,Habib Diallo,Offence,1995-06-18,30,Senegal
Senegal,3638,Ismaïla Sarr,Offence,1998-02-25,28,Senegal
Senegal,9148,Cherif Ndiaye,Offence,1996-01-23,30,Senegal
Senegal,94091,Iliman Ndiaye,Offence,2000-03-06,26,Senegal
Senegal,98299,Boulaye Dia,Offence,1996-11-16,29,Senegal
Senegal,152515,Nicolas Jackson,Offence,2001-06-20,24,Senegal
Senegal,160412,Cheikh Ahmadou Dieng,Offence,2000-09-01,25,Senegal
Senegal,206779,Mamadou Diakhon,Offence,2005-09-22,20,France
Senegal,218474,Assane Diao,Offence,2005-09-07,20,Senegal
Senegal,265040,Ibrahim M'Baye,Offence,2008-01-24,18,Senegal
Belgium,3641,Thibaut Courtois,Goalkeeper,1992-05-11,34,Belgium
Belgium,129946,Senne Lammens,Goalkeeper,2002-07-07,23,Belgium
Belgium,191068,Mike Penders,Goalkeeper,2005-07-31,20,Belgium
Belgium,1836,Timothy Castagne,Defence,1995-12-05,30,Belgium
Belgium,3650,Thomas Meunier,Defence,1991-09-12,34,Belgium
Belgium,8873,Brandon Mechele,Defence,1993-01-28,33,Belgium
Belgium,142075,Maxim De Cuyper,Defence,2000-12-22,25,Belgium
Belgium,145893,Arthur Theate,Defence,2000-05-25,26,Belgium
Belgium,153556,Koni De Winter,Defence,2002-06-12,23,Belgium
Belgium,160926,Zeno Debast,Defence,2003-10-24,22,Belgium
Belgium,192677,Nathan Ngoy,Defence,2003-06-10,23,Belgium
Belgium,213534,Joaquin Seys,Defence,2005-03-28,21,Belgium
Belgium,3654,Kevin De Bruyne,Midfield,1991-06-28,34,Belgium
Belgium,3656,Axel Witsel,Midfield,1989-01-12,37,Belgium
Belgium,3658,Youri Tielemans,Midfield,1997-05-07,29,Belgium
Belgium,8128,Dodi Lukebakio,Midfield,1997-09-24,28,Belgium
Belgium,8858,Alexis Saelemaekers,Midfield,1999-06-27,26,Belgium
Belgium,8888,Hans Vanaken,Midfield,1992-08-24,33,Belgium
Belgium,8915,Nicolas Raskin,Midfield,2001-02-23,25,Belgium
Belgium,99775,Jeremy Doku,Midfield,2002-05-27,24,Belgium
Belgium,114024,Amadou Onana,Midfield,2001-08-16,24,Belgium
Belgium,182192,Diego Moreira,Midfield,2004-08-06,21,Belgium
Belgium,3662,Romelu Lukaku,Offence,1993-05-13,33,Belgium
Belgium,8984,Leandro Trossard,Offence,1994-12-04,31,Belgium
Belgium,129947,Charles De Ketelaere,Offence,2001-03-10,25,Belgium
Belgium,213511,Matias Fernandez-Pardo,Offence,2005-02-03,21,Belgium
Morocco,3693,Munir Mohamedi,Goalkeeper,1989-05-10,37,Morocco
Morocco,3694,Yassine Bounou,Goalkeeper,1991-04-05,35,Morocco
Morocco,3695,Ahmed Reda Tagnaouti,Goalkeeper,1996-04-05,30,Morocco
Morocco,53,Achraf Hakimi,Defence,1998-11-04,27,Morocco
Morocco,7553,Noussair Mazraoui,Defence,1997-11-14,28,Morocco
Morocco,8296,Issa Diop,Defence,1997-01-09,29,France
Morocco,81191,Nayef Aguerd,Defence,1996-03-30,30,Morocco
Morocco,137693,Anass Salah-Eddine,Defence,2002-01-18,24,Morocco
Morocco,150948,Chadi Riad,Defence,2003-06-17,22,Morocco
Morocco,172822,Redouane Halhal,Defence,2003-03-05,23,France
Morocco,213459,Zakaria El Ouahdi,Defence,2001-12-31,24,Morocco
Morocco,277391,Youssef Belammari,Defence,1998-09-20,27,Morocco
Morocco,3705,Sofyan Amrabat,Midfield,1996-08-21,29,Morocco
Morocco,7887,Brahim Diaz,Midfield,1999-08-03,26,Morocco
Morocco,122511,Azzedine Ounahi,Midfield,2000-04-19,26,Morocco
Morocco,130173,Ismael Saibari,Midfield,2001-01-28,25,Morocco
Morocco,170647,Neil El Aynaoui,Midfield,2001-07-02,24,Morocco
Morocco,192313,Chemsdine Talbi,Midfield,2005-05-09,21,Morocco
Morocco,221819,Ayyoub Bouaddi,Midfield,2007-10-02,18,France
Morocco,244929,Samir El Mourabet,Midfield,2005-10-06,20,Morocco
Morocco,3720,Ayoub El Kaabi,Offence,1993-06-26,32,Morocco
Morocco,130502,Soufiane Rahimi,Offence,1996-06-02,30,Morocco
Morocco,175941,Abdessamad Ezzalzouli,Offence,2001-12-17,24,Morocco
Morocco,245336,Gessime Yassine,Offence,2005-11-22,20,France
Morocco,261438,Ayoube Amaimouni-Echghouyab,Offence,2004-11-30,21,Morocco
Austria,10702,Alexander Schlager,Goalkeeper,1996-02-01,30,Austria
Austria,10837,Patrick Pentz,Goalkeeper,1997-01-02,29,Austria
Austria,217244,Florian Wiegele,Goalkeeper,2001-03-21,25,Austria
Austria,349,David Alaba,Defence,1992-06-24,33,Austria
Austria,395,Stefan Posch,Defence,1997-05-14,29,Austria
Austria,6576,Philipp Mwene,Defence,1994-01-29,32,Austria
Austria,6655,Kevin Danso,Defence,1998-09-19,27,Austria
Austria,9447,Marco Friedl,Defence,1998-03-16,28,Austria
Austria,9477,Philipp Lienhart,Defence,1996-07-11,29,Austria
Austria,61968,Michael Svoboda,Defence,1998-10-15,27,Austria
Austria,113457,Alexander Prass,Defence,2001-05-26,25,Austria
Austria,123212,David Affengruber,Defence,2001-03-19,25,Austria
Austria,404,Florian Grillitsch,Midfield,1995-08-07,30,Austria
Austria,6501,Alessandro Schöpf,Midfield,1994-02-07,32,Austria
Austria,9549,Konrad Laimer,Midfield,1997-05-27,29,Austria
Austria,9551,Marcel Sabitzer,Midfield,1994-03-17,32,Austria
Austria,16344,Xaver Schlager,Midfield,1997-09-28,28,Austria
Austria,16346,Romano Schmid,Midfield,2000-01-27,26,Austria
Austria,56829,Christoph Baumgartner,Midfield,1999-08-01,26,Austria
Austria,113038,Nicolas  Seiwald,Midfield,2001-05-04,25,Austria
Austria,124324,Patrick Wimmer,Midfield,2001-05-30,25,Austria
Austria,167570,Carney Chukwuemeka,Midfield,2003-10-20,22,Austria
Austria,176932,Paul Wanner,Midfield,2005-12-23,20,Austria
Austria,6661,Michael Gregoritsch,Offence,1994-04-18,32,Austria
Austria,8223,Marko Arnautovic,Offence,1989-04-19,37,Austria
Austria,10761,Saša Kalajdžić,Offence,1997-07-07,28,Austria
Colombia,3721,Camilo Vargas,Goalkeeper,1989-03-09,37,Colombia
Colombia,3722,David Ospina,Goalkeeper,1988-08-31,37,Colombia
Colombia,22742,Álvaro Montero,Goalkeeper,1995-03-29,31,Colombia
Colombia,3723,Santiago Arias,Defence,1992-01-13,34,Colombia
Colombia,3724,Johan Mojica,Defence,1992-08-21,33,Colombia
Colombia,3728,Yerry Mina,Defence,1994-09-23,31,Colombia
Colombia,3733,Davinson Sánchez,Defence,1996-06-12,29,Colombia
Colombia,8913,Deiver Machado,Defence,1993-09-02,32,Colombia
Colombia,22010,Daniel Muñoz,Defence,1996-05-26,30,Colombia
Colombia,22113,Jhon Lucumí,Defence,1998-06-26,27,Colombia
Colombia,82825,Willer Ditta,Defence,1997-01-23,29,Colombia
Colombia,365,James Rodríguez,Midfield,1991-07-12,34,Colombia
Colombia,3737,Jefferson Lerma,Midfield,1994-10-25,31,Colombia
Colombia,22306,Jhon Arias,Midfield,1997-09-21,28,Colombia
Colombia,29012,Jorge Carrascal,Midfield,1998-05-25,28,Colombia
Colombia,156738,Kevin Castaño,Midfield,2000-09-29,25,Colombia
Colombia,168403,Juan Quintero,Midfield,1993-01-18,33,Colombia
Colombia,170245,Jaminton Campaz,Midfield,2000-05-24,26,Colombia
Colombia,170657,Richard Rios,Midfield,2000-06-02,26,Colombia
Colombia,178353,Juan Portilla,Midfield,1998-09-12,27,Colombia
Colombia,191421,Gustavo Puerta,Midfield,2003-07-23,22,Colombia
Colombia,212,Jhon Córdoba,Offence,1993-05-11,33,Colombia
Colombia,22396,Luis Díaz,Offence,1997-01-13,29,Colombia
Colombia,32386,Luis Suárez,Offence,1997-12-02,28,Colombia
Colombia,32415,Cucho Hernández,Offence,1999-04-20,27,Colombia
Colombia,202797,Carlos Andrés Gómez,Offence,2002-09-22,23,Colombia
Egypt,3743,Mohamed El Shenawy,Goalkeeper,1988-12-18,37,Egypt
Egypt,132128,Mohamed Alaa,Goalkeeper,1999-09-01,26,Qatar
Egypt,251169,Oufa Shobeir,Goalkeeper,2000-03-17,26,Egypt
Egypt,780,Karim Hafez,Defence,1996-03-12,30,Egypt
Egypt,83057,Mohamed Hany,Defence,1996-01-25,30,Egypt
Egypt,245519,Yasser Ibrahim,Defence,1993-02-10,33,Egypt
Egypt,245553,Ahmed El Fotouh,Defence,1998-03-22,28,Egypt
Egypt,245563,Mohamed Abdelmonem,Defence,1999-02-01,27,Egypt
Egypt,245625,Rami Rabia,Defence,1993-05-20,33,Egypt
Egypt,261033,Hossam Abdelmaguid,Defence,2001-04-30,25,Egypt
Egypt,114669,Nabil Dunga,Midfield,1996-04-06,30,Egypt
Egypt,132389,Hamdy Fathy,Midfield,1994-09-29,31,Egypt
Egypt,180952,Trezeguet,Midfield,1994-10-01,31,Egypt
Egypt,191972,Emam Ashour,Midfield,1998-02-20,28,Egypt
Egypt,245550,Mohanad Lashin,Midfield,1996-05-29,30,Egypt
Egypt,245582,Marwan Attia,Midfield,1998-08-12,27,Egypt
Egypt,261012,Mahmoud Saber,Midfield,2001-07-30,24,Egypt
Egypt,3754,Mohamed Salah,Offence,1992-06-15,33,Egypt
Egypt,66896,Omar Marmoush,Offence,1999-02-07,27,Egypt
Egypt,98222,Haissem Hassan,Offence,2002-02-08,24,France
Egypt,253635,Ibrahim Adel,Offence,2001-04-24,25,Egypt
Egypt,274542,Hamza Abdelkarim,Offence,2008-01-01,18,Egypt
Canada,21226,Maxime Crépeau,Goalkeeper,1994-05-11,32,Canada
Canada,113351,Dayne St. Clair,Goalkeeper,1997-05-09,29,Canada
Canada,189264,Owen Goodman,Goalkeeper,2003-11-27,22,Canada
Canada,21288,Alphonso Davies,Defence,2000-11-02,25,Canada
Canada,77691,Richie Laryea,Defence,1995-01-07,31,Canada
Canada,81286,Alfie Jones,Defence,1997-10-07,28,England
Canada,112209,Joel Waterman,Defence,1996-01-24,30,Canada
Canada,113228,Derek Cornelius,Defence,1997-11-25,28,Canada
Canada,118604,Alistair Johnston,Defence,1998-10-08,27,Canada
Canada,192153,Moise Bombito,Defence,2000-03-30,26,Canada
Canada,217596,Luc De Fougerolles,Defence,2005-10-12,20,England
Canada,21199,Jonathan Osorio,Midfield,1992-12-06,33,Canada
Canada,37479,Stephen Eustáquio,Midfield,1996-12-21,29,Canada
Canada,72777,Mathieu Choinière,Midfield,1999-02-07,27,Canada
Canada,113175,Tajon Buchanan,Midfield,1999-02-08,27,Canada
Canada,140546,Marcelo Flores,Midfield,2003-10-01,22,Mexico
Canada,171216,Nathan-Dylan Saliba,Midfield,2004-02-07,22,Canada
Canada,172183,Ismael Kone,Midfield,2002-06-06,24,Canada
Canada,181976,Ali Ahmed,Midfield,2000-10-10,25,Canada
Canada,216809,Niko Sigur,Midfield,2003-09-09,22,Canada
Canada,8924,Jonathan David,Offence,2000-01-14,26,Canada
Canada,15958,Cyle Larin,Offence,1995-04-17,31,Canada
Canada,110807,Liam Millar,Offence,1999-09-27,26,Canada
Canada,111842,Jacob Shaffelburg,Offence,1999-11-26,26,Canada
Canada,177826,Tani Oluwaseyi,Offence,2000-05-15,26,Canada
Canada,260992,Promise Akinpelu,Offence,2001-07-03,24,Canada
Haiti,154781,Alexandre Pierre,Goalkeeper,2001-02-25,25,Haiti
Haiti,170624,Johny Placide,Goalkeeper,1988-01-29,38,Haiti
Haiti,532,Carlens Arcus,Defence,1996-06-28,29,Haiti
Haiti,776,Jean-Kevin Duverne,Defence,1997-08-12,28,France
Haiti,8845,Hannes Delcroix,Defence,1999-02-28,27,Haiti
Haiti,158228,Martin Expérience,Defence,1999-03-09,27,Haiti
Haiti,166220,Ricardo Adé,Defence,1990-05-21,36,Haiti
Haiti,253605,Duke LaCroix,Defence,1993-10-14,32,USA
Haiti,256398,Keeto Thermoncy,Defence,2006-03-29,20,Haiti
Haiti,291152,Wilguens Paugain,Defence,2001-08-24,24,Haiti
Haiti,433,Leverton Pierre,Midfield,1998-03-09,28,Haiti
Haiti,788,Jean-Ricner Bellegarde,Midfield,1998-06-27,27,Haiti
Haiti,77609,Derrick Etienne,Midfield,1996-11-25,29,Haiti
Haiti,177049,Danley Jean Jacques,Midfield,2000-05-20,26,Haiti
Haiti,182788,Dominique Simon,Midfield,2000-07-29,25,France
Haiti,250006,Carl Sainté,Midfield,2002-08-09,23,Haiti
Haiti,5380,Duckens Nazon,Offence,1994-04-07,32,Haiti
Haiti,74870,Frantzdy Pierrot,Offence,1995-03-29,31,Haiti
Haiti,82421,Yassin Fortune,Offence,1999-01-30,27,Haiti
Haiti,83599,Wilson Isidor,Offence,2000-08-27,25,France
Haiti,106726,Lenny Joseph,Offence,2000-10-12,25,France
Haiti,125787,Louicius Don Deedson,Offence,2001-02-11,25,Haiti
Haiti,152737,Josué Casimir,Offence,2001-09-24,24,Haiti
Haiti,152801,Ruben Providence,Offence,2001-07-07,24,Haiti
Iran,3797,Hossein Hosseini,Goalkeeper,1992-06-30,33,Iran
Iran,103099,Payam Niazmand,Goalkeeper,1995-04-06,31,Iran
Iran,171319,Alireza Beiranvand,Goalkeeper,1992-09-21,33,Iran
Iran,3800,Ehsan Hajsafi,Defence,1990-02-25,36,Iran
Iran,3804,Ramin Rezaeian,Defence,1990-03-21,36,Iran
Iran,3811,Milad Mohammadi,Defence,1993-09-29,32,Iran
Iran,231884,Hossein Kanaanizadegan,Defence,1994-03-23,32,Iran
Iran,231889,Shojae Khalilzadeh,Defence,1989-05-14,37,Iran
Iran,231900,Rouzbeh Cheshmi,Defence,1993-07-24,32,Iran
Iran,249673,Saleh Hardani,Defence,1998-12-26,27,Iran
Iran,3821,Saeid Ezatolahi,Midfield,1996-10-01,29,Iran
Iran,189724,Mehdi Torabi,Midfield,1994-09-10,31,Iran
Iran,189790,Mohammad Ghorbani,Midfield,2001-05-21,25,Iran
Iran,244158,Ariya Yousefi,Midfield,2002-04-22,24,Iran
Iran,249672,Medhi Ghayedi,Midfield,1998-12-05,27,Iran
Iran,3819,Alireza Jahanbakhsh,Offence,1993-08-11,32,Iran
Iran,3820,Mehdi Taremi,Offence,1992-07-18,33,Iran
Iran,33634,Dennis Eckert,Offence,1997-01-09,29,Germany
Iran,119530,Ali Alipour,Offence,1995-11-11,30,Iran
Iran,152180,Shahriar Moghanlou,Offence,1994-12-21,31,Iran
Iran,172641,Mohammad Mohebi,Offence,1998-12-20,27,Iran
Iran,179746,Saman Ghoddos,Offence,1993-09-06,32,Iran
Iran,254746,Amir Hosseinzadeh,Offence,2000-10-30,25,Iran
Bosnia and Herzegovina,17645,Martin Zlomislić,Goalkeeper,1998-08-16,27,Bosnia-Herzegovina
Bosnia and Herzegovina,65105,Nikola Vasilj,Goalkeeper,1995-12-02,30,Bosnia-Herzegovina
Bosnia and Herzegovina,276572,Mladen Jurkas,Goalkeeper,2007-10-07,18,Bosnia-Herzegovina
Bosnia and Herzegovina,7786,Sead Kolašinac,Defence,1993-06-20,32,Bosnia-Herzegovina
Bosnia and Herzegovina,15357,Dennis Hadžikadunić,Defence,1998-07-09,27,Bosnia-Herzegovina
Bosnia and Herzegovina,17869,Nihad Mujakić,Defence,1998-04-15,28,Bosnia-Herzegovina
Bosnia and Herzegovina,23182,Nikola Katić,Defence,1996-10-10,29,Bosnia-Herzegovina
Bosnia and Herzegovina,65758,Stjepan Radeljić,Defence,1997-09-05,28,Bosnia-Herzegovina
Bosnia and Herzegovina,81816,Amar Dedić,Defence,2002-08-18,23,Austria
Bosnia and Herzegovina,189153,Tarik Muharemović,Defence,2003-02-28,23,Bosnia-Herzegovina
Bosnia and Herzegovina,216398,Nidal Čelik,Defence,2006-07-17,19,Bosnia-Herzegovina
Bosnia and Herzegovina,9400,Dženis Burnić,Midfield,1998-05-22,28,Bosnia-Herzegovina
Bosnia and Herzegovina,23206,Ivan Šunjić,Midfield,1996-10-09,29,Bosnia-Herzegovina
Bosnia and Herzegovina,30102,Amir Hadžiahmetović,Midfield,1997-03-08,29,Bosnia-Herzegovina
Bosnia and Herzegovina,119385,Armin Gigovic,Midfield,2002-04-06,24,Bosnia-Herzegovina
Bosnia and Herzegovina,147030,Ivan Bašić,Midfield,2002-04-30,24,Bosnia-Herzegovina
Bosnia and Herzegovina,189280,Benjamin Tahirovic,Midfield,2003-03-03,23,Bosnia-Herzegovina
Bosnia and Herzegovina,221764,Ermin Mahmic,Midfield,2005-03-14,21,Austria
Bosnia and Herzegovina,275052,Amar Memić,Midfield,2001-01-20,25,Bosnia-Herzegovina
Bosnia and Herzegovina,1822,Edin Džeko,Offence,1986-03-17,40,Bosnia-Herzegovina
Bosnia and Herzegovina,17767,Jovo Lukić,Offence,1998-11-28,27,Bosnia-Herzegovina
Bosnia and Herzegovina,33242,Ermedin Demirovic,Offence,1998-03-25,28,Bosnia-Herzegovina
Bosnia and Herzegovina,63218,Haris Tabaković,Offence,1994-06-20,31,Bosnia-Herzegovina
Bosnia and Herzegovina,172226,Samed Bazdar,Offence,2004-01-31,22,Bosnia-Herzegovina
Bosnia and Herzegovina,186380,Esmir Bajraktarevic,Offence,2005-03-10,21,Bosnia-Herzegovina
Bosnia and Herzegovina,272213,Kerim Alajbegović,Offence,2007-09-21,18,Bosnia-Herzegovina
Panama,28382,Luis Mejía,Goalkeeper,1991-03-16,35,Panama
Panama,100186,Orlando Mosquera,Goalkeeper,1994-12-25,31,Panama
Panama,110566,Cesar Samudio,Goalkeeper,1994-03-23,32,Panama
Panama,22771,Roderick Miller,Defence,1992-04-03,34,Panama
Panama,43786,Fidel Escobar,Defence,1995-01-09,31,Panama
Panama,43787,Éric Davis,Defence,1991-03-31,35,Panama
Panama,76711,Andrés Andrade,Defence,1998-10-16,27,Panama
Panama,84481,César Blackman,Defence,1998-04-02,28,Panama
Panama,100199,Jiovany Ramos,Defence,1997-01-26,29,Panama
Panama,103208,José Cordoba,Defence,2001-06-03,25,Panama
Panama,188908,Michael Murillo,Defence,1996-02-11,30,Panama
Panama,253717,Edgardo Fariña,Defence,2001-09-21,24,Panama
Panama,275040,Jorge Gutiérrez,Defence,1998-09-01,27,Panama
Panama,3864,Adalberto Carrasquilla,Midfield,1998-11-28,27,Panama
Panama,8919,José Luis Rodríguez,Midfield,1998-06-19,27,Panama
Panama,28668,Cecilio Waterman,Midfield,1991-04-13,35,Panama
Panama,39139,Édgar Bárcenas,Midfield,1993-10-23,32,Panama
Panama,43793,Aníbal Godoy,Midfield,1990-02-10,36,Panama
Panama,58751,Alberto Quintero,Midfield,1987-12-18,38,Panama
Panama,103158,Carlos Harvey,Midfield,2000-02-03,26,Panama
Panama,110577,César Yanis,Midfield,1996-01-28,30,Panama
Panama,166946,Christian Martinez,Midfield,1997-02-06,29,Panama
Panama,3868,José Fajardo,Offence,1993-08-18,32,Panama
Panama,43795,Ismael Díaz,Offence,1997-05-12,29,Panama
Panama,105650,Tomas Rodriguez,Offence,1999-03-09,27,Panama
Panama,159094,Azarias Londoño,Offence,2001-06-21,24,Panama
Cape Verde,53172,Márcio Rosa,Goalkeeper,1997-02-23,29,Cape Verde Islands
Cape Verde,120725,Vózinha,Goalkeeper,1986-06-03,40,Cape Verde Islands
Cape Verde,150997,C.J. dos Santos,Goalkeeper,2000-08-24,25,USA
Cape Verde,593,Steven Moreira,Defence,1994-08-13,31,Cape Verde Islands
Cape Verde,814,Logan Costa,Defence,2001-04-01,25,Cape Verde Islands
Cape Verde,36618,Roberto Lopes,Defence,1992-06-17,33,Cape Verde Islands
Cape Verde,45328,Diney Borges,Defence,1995-01-17,31,Portugal
Cape Verde,63097,Stopira,Defence,1988-05-20,38,Cape Verde Islands
Cape Verde,209178,Sidny Lopes Cabral,Defence,2002-09-18,23,Netherlands
Cape Verde,213136,Wagner Pina,Defence,2002-11-03,23,Cape Verde Islands
Cape Verde,246869,Kelvin Pires,Defence,2000-06-05,26,Cape Verde Islands
Cape Verde,7759,Deroy Duarte,Midfield,1999-07-04,26,Cape Verde Islands
Cape Verde,30554,Garry Rodrigues,Midfield,1990-11-27,35,Cape Verde Islands
Cape Verde,40121,Kevin Pina,Midfield,1997-01-27,29,Cape Verde Islands
Cape Verde,67968,Laros Duarte,Midfield,1997-02-28,29,Cape Verde Islands
Cape Verde,103108,Yannick Semedo,Midfield,1995-12-29,30,Cape Verde Islands
Cape Verde,145346,Telmo Arcanjo,Midfield,2001-06-21,24,Portugal
Cape Verde,167455,Jamiro Monteiro,Midfield,1993-11-23,32,Cape Verde Islands
Cape Verde,212575,João Paulo,Midfield,1998-05-26,28,Cape Verde Islands
Cape Verde,9278,Willy Semedo,Offence,1994-04-27,32,Cape Verde Islands
Cape Verde,30502,Ryan Mendes,Offence,1990-01-08,36,Cape Verde Islands
Cape Verde,37116,Jovane Cabral,Offence,1998-06-14,27,Cape Verde Islands
Cape Verde,151942,Gilson Tavares,Offence,2001-12-29,24,Cape Verde Islands
Cape Verde,166784,Nuno Da Costa,Offence,1991-02-10,35,Cape Verde Islands
Cape Verde,175919,Dailon Rocha Livramento,Offence,2001-05-04,25,Netherlands
Cape Verde,213119,Hélio Varela,Offence,2002-05-03,24,Cape Verde Islands
DR Congo,98898,Timothy Fayulu,Goalkeeper,1999-07-24,26,DR Congo
DR Congo,106838,Lionel Mpasi,Goalkeeper,1994-08-01,31,DR Congo
DR Congo,170838,Matthieu Epolo,Goalkeeper,2005-01-15,21,Congo DR
DR Congo,3894,Axel Tuanzebe,Defence,1997-11-14,28,DR Congo
DR Congo,7918,Chancel Mbemba,Defence,1994-08-08,31,DR Congo
DR Congo,8158,Aaron Wan-Bissaka,Defence,1997-11-26,28,DR Congo
DR Congo,8204,Arthur Masuaku,Defence,1993-11-07,32,DR Congo
DR Congo,8700,Joris Kayembe,Defence,1994-08-08,31,Congo DR
DR Congo,9160,Dylan Batubinsika,Defence,1996-02-15,30,DR Congo
DR Congo,82600,Gédéon Kalulu,Defence,1997-08-29,28,DR Congo
DR Congo,220602,Steve Kapuadi,Defence,1998-04-30,28,Congo DR
DR Congo,8596,Gaël Kakuta,Midfield,1991-06-21,34,DR Congo
DR Congo,8701,Samuel Moutoussamy,Midfield,1996-08-12,29,DR Congo
DR Congo,8854,Edo Kayembe,Midfield,1998-06-03,28,DR Congo
DR Congo,14596,Aaron Tshibola,Midfield,1995-01-02,31,DR Congo
DR Congo,30876,Charles Pickel,Midfield,1997-05-15,29,DR Congo
DR Congo,182273,Noah Sadiki,Midfield,2004-12-17,21,DR Congo
DR Congo,192666,Ngal'ayel Mukau,Midfield,2004-11-03,21,DR Congo
DR Congo,612,Yoane Wissa,Offence,1996-09-03,29,DR Congo
DR Congo,9309,Theo Bongonda,Offence,1995-11-20,30,DR Congo
DR Congo,21583,Cédric Bakambu,Offence,1991-04-11,35,DR Congo
DR Congo,74554,Simon Banza,Offence,1996-08-13,29,DR Congo
DR Congo,125668,Nathanael Mbuku,Offence,2002-03-16,24,DR Congo
DR Congo,166776,Meschack Elia,Offence,1997-08-06,28,DR Congo
DR Congo,243626,Brian Cipenga,Offence,1998-03-11,28,DR Congo
DR Congo,245577,Fiston Mayele,Offence,1994-06-24,31,DR Congo
Cote d'Ivoire,616,Yahia Fofana,Goalkeeper,2000-08-21,25,Ivory Coast
Cote d'Ivoire,8292,Alban Lafont,Goalkeeper,1999-01-23,27,Ivory Coast
Cote d'Ivoire,170943,Mohamed Kone,Goalkeeper,2002-03-07,24,Ivory Coast
Cote d'Ivoire,526,Evan N'Dicka,Defence,1999-08-20,26,Ivory Coast
Cote d'Ivoire,700,Christopher Operi,Defence,1997-04-29,29,Ivory Coast
Cote d'Ivoire,37432,Ghislain Konan,Defence,1995-12-27,30,Ivory Coast
Cote d'Ivoire,113375,Wilfried Singo,Defence,2000-12-25,25,Ivory Coast
Cote d'Ivoire,135473,Guela Doué,Defence,2002-10-17,23,Ivory Coast
Cote d'Ivoire,149731,Emmanuel Agbadou,Defence,1997-06-17,28,Ivory Coast
Cote d'Ivoire,167098,Odilon Kossounou,Defence,2001-01-04,25,Ivory Coast
Cote d'Ivoire,191760,Ousmane Diomande,Defence,2003-12-04,22,Ivory Coast
Cote d'Ivoire,1747,Franck Kessié,Midfield,1996-12-19,29,Ivory Coast
Cote d'Ivoire,2126,Seko Fofana,Midfield,1995-05-07,31,France
Cote d'Ivoire,8307,Ibrahim Sangaré,Midfield,1997-12-02,28,Ivory Coast
Cote d'Ivoire,8430,Jean Michaël Seri,Midfield,1991-07-19,34,Ivory Coast
Cote d'Ivoire,133584,Amad Diallo,Midfield,2002-07-11,23,Ivory Coast
Cote d'Ivoire,144698,Parfait Guiagon,Midfield,2001-02-22,25,Ivory Coast
Cote d'Ivoire,269161,Christ Ravynel Inao Oulaï,Midfield,2006-04-06,20,Cote d'Ivoire
Cote d'Ivoire,8412,Nicolas Pépé,Offence,1995-05-29,31,Ivory Coast
Cote d'Ivoire,128710,Evann Guessand,Offence,2001-07-01,24,Ivory Coast
Cote d'Ivoire,152738,Ange-Yoan Bonny,Offence,2003-10-25,22,Ivory Coast
Cote d'Ivoire,156808,Sepe Elye Wahi,Offence,2003-01-02,23,France
Cote d'Ivoire,166249,Simon Adingra,Offence,2002-01-01,24,Ivory Coast
Cote d'Ivoire,188275,Oumar Diakite,Offence,2003-12-20,22,Ivory Coast
Cote d'Ivoire,249312,Bazoumana Touré,Offence,2006-03-02,20,Ivory Coast
Cote d'Ivoire,277484,Yan Diomandé,Offence,2006-11-14,19,Ivory Coast
Qatar,103173,Salah Zakaria,Goalkeeper,1999-04-24,27,Qatar
Qatar,129104,Meshaal Barsham,Goalkeeper,1998-02-14,28,Qatar
Qatar,156781,Mahmoud Abunada,Goalkeeper,2000-02-05,26,Qatar
Qatar,115828,Boualem Khoukhi,Defence,1990-07-09,35,Qatar
Qatar,189707,Jassem Gaber Abdulsallam,Defence,2002-02-20,24,Qatar
Qatar,189725,Homam Ahmed,Defence,1999-08-25,26,Qatar
Qatar,189969,Ró-Ró,Defence,1990-08-06,35,Qatar
Qatar,194260,Lucas Mendes,Defence,1990-07-03,35,Brazil
Qatar,249804,Sultan Al Brake,Defence,1996-04-07,30,Qatar
Qatar,295196,Ayoub Al-Oui,Defence,2005-03-11,21,Qatar
Qatar,57667,Assim Madibo,Midfield,1996-10-22,29,Qatar
Qatar,115827,Abdulaziz Hatem,Midfield,1990-10-28,35,Qatar
Qatar,115829,Karim Boudiaf,Midfield,1990-09-16,35,Qatar
Qatar,115832,Ahmed Fathy,Midfield,1993-01-25,33,Qatar
Qatar,129107,Yusuf Abdurisag,Midfield,1999-08-06,26,Qatar
Qatar,249923,Ahmed Al Ganehi,Midfield,2000-09-22,25,Qatar
Qatar,253301,Tahsin Jamshid,Midfield,2006-06-16,19,Qatar
Qatar,253597,Mohamed Al Banna,Midfield,1990-09-29,35,Bahrain
Qatar,57652,Akram Afif,Offence,1996-11-18,29,Qatar
Qatar,115837,Almoez Ali,Offence,1996-08-19,29,Qatar
Qatar,135684,Mohammed Muntari,Offence,1993-12-20,32,Qatar
Qatar,189973,Hassan Al Haydos,Offence,1990-12-11,35,Qatar
Qatar,189976,Ahmed Alaa Eldin,Offence,1993-01-31,33,Qatar
Qatar,255986,Edmílson,Offence,1994-08-19,31,Belgium
Jordan,125598,Yazeed Abulaila,Goalkeeper,1993-01-06,33,Jordan
Jordan,249669,Abdallah Al Fakhouri,Goalkeeper,2000-01-22,26,Jordan
Jordan,116921,Saleem Obaid,Defence,1992-01-17,34,Jordan
Jordan,119303,Yazan Al Arab,Defence,1996-01-31,30,Jordan
Jordan,202806,Mohammad Abualnadi,Defence,2001-02-08,25,USA
Jordan,244110,Abdallah Naseeb,Defence,1994-02-25,32,Jordan
Jordan,244241,Mohammad Abu Hasheesh,Defence,1995-05-09,31,Jordan
Jordan,244346,Mohannad Abu Taha,Defence,2003-02-02,23,Jordan
Jordan,244507,Yousef Abu Al Jazar,Defence,1999-10-25,26,Jordan
Jordan,17850,Ahmad Assaf,Midfield,1999-07-21,26,Germany
Jordan,213823,Yousef Qashi,Midfield,2005-04-15,21,Jordan
Jordan,231890,Nizar Al Rashdan,Midfield,1999-03-23,27,Jordan
Jordan,244206,Noor Al Rawabdeh,Midfield,1997-02-24,29,Jordan
Jordan,249756,Ibrahim Saadeh,Midfield,2000-04-27,26,Jordan
Jordan,98763,Musa Al Taamari,Offence,1997-06-10,29,Jordan
Jordan,116928,Mahmoud Al Mardi,Offence,1993-10-06,32,Jordan
Jordan,116933,Baha' Faisal,Offence,1995-05-30,31,Jordan
Jordan,280317,Ibrahim Sabra,Offence,2006-02-01,20,Jordan
Iraq,117137,Jalal Hassan,Goalkeeper,1991-05-18,35,Iraq
Iraq,132162,Fahad Talib,Goalkeeper,1994-10-21,31,Iraq
Iraq,236206,Ahmed Basil,Goalkeeper,1996-08-19,29,Iraq
Iraq,129968,Hussein Ali,Defence,2002-03-01,24,Iraq
Iraq,152724,Merchas Doski,Defence,1999-12-07,26,Iraq
Iraq,210821,Rebin Sulaka,Defence,1992-04-12,34,Iraq
Iraq,236191,Mustafa Saadoun,Defence,2001-05-25,25,Iraq
Iraq,236195,Ahmed Yahya,Defence,1997-05-27,29,Iraq
Iraq,236201,Frans Putros,Defence,1993-07-14,32,Iraq
Iraq,249839,Zaid Tahseen,Defence,2001-01-29,25,Iraq
Iraq,249877,Manaf Younis,Defence,1996-11-16,29,Iraq
Iraq,253190,Akam Hashem,Defence,1998-08-16,27,Iraq
Iraq,31373,Amir Al Ammari,Midfield,1997-07-27,28,Iraq
Iraq,35515,Kevin Yakob,Midfield,2000-10-10,25,Iraq
Iraq,117481,Aimar Sher,Midfield,2002-12-20,23,Iraq
Iraq,123067,Ibrahim Bayesh,Midfield,2000-05-01,26,Iraq
Iraq,165049,Youssef Amyn,Midfield,2003-08-21,22,Iraq
Iraq,167462,Ahmed Qasem,Midfield,2003-07-12,22,Sweden
Iraq,176642,Zidane Iqbal,Midfield,2003-04-27,23,Iraq
Iraq,295321,Zaid Ismail,Midfield,2002-01-03,24,Iraq
Iraq,117153,Aymen Hussein,Offence,1996-03-22,30,Iraq
Iraq,177008,Ali Al-Hamadi,Offence,2002-03-01,24,Iraq
Iraq,193630,Marko Farji,Offence,2004-03-16,22,Iraq
Iraq,218847,Ali Jassim El-Aibi,Offence,2004-01-20,22,Iraq
Iraq,221753,Mohanad Ali,Offence,2000-06-20,25,Iraq
Uzbekistan,119215,Botirali Ergashev,Goalkeeper,1995-06-23,30,Uzbekistan
Uzbekistan,243911,Abduvakhid Nematov,Goalkeeper,2001-03-20,25,Uzbekistan
Uzbekistan,244531,Utkir Yusupov,Goalkeeper,1991-01-04,35,Uzbekistan
Uzbekistan,132172,Rustam Ashurmatov,Defence,1996-07-07,29,Uzbekistan
Uzbekistan,132173,Umar Eshmurodov,Defence,1992-11-30,33,Uzbekistan
Uzbekistan,212868,Abdukodir Khusanov,Defence,2004-02-29,22,Uzbekistan
Uzbekistan,221787,Jakhongir O'rozov,Defence,2004-01-18,22,Uzbekistan
Uzbekistan,231904,Farrukh Sayfiyev,Defence,1991-01-17,35,Uzbekistan
Uzbekistan,243825,Khodjiakbar Alijonov,Defence,1997-04-19,29,Uzbekistan
Uzbekistan,243838,Sherzod Nasrullayev,Defence,1998-07-23,27,Uzbekistan
Uzbekistan,253243,Mukhammadkodir Khamraliev,Defence,2001-07-06,24,Uzbekistan
Uzbekistan,117321,Otabek Shukurov,Midfield,1996-06-22,29,Uzbekistan
Uzbekistan,132176,Jamshid Iskanderov,Midfield,1993-10-16,32,Uzbekistan
Uzbekistan,149716,Akmal Mozgovoy,Midfield,2000-04-02,26,Uzbekistan
Uzbekistan,212371,Umarali Rahmonaliyev,Midfield,2003-08-18,22,Uzbekistan
Uzbekistan,232740,Azizjon Ganiev,Midfield,1998-02-22,28,Uzbekistan
Uzbekistan,232753,Odiljon Hamrobekov,Midfield,1996-02-13,30,Uzbekistan
Uzbekistan,261032,Ibrokhim Ibrokhimov,Midfield,2001-01-12,25,Uzbekistan
Uzbekistan,49149,Dostonbek Xamdamov,Offence,1996-07-24,29,Uzbekistan
Uzbekistan,49307,Eldor Shomurodov,Offence,1995-06-29,30,Uzbekistan
Uzbekistan,119221,Oston Urunov,Offence,2000-12-19,25,Uzbekistan
Uzbekistan,183140,Igor Sergeev,Offence,1993-04-30,33,Uzbekistan
Uzbekistan,261029,Alisher Odilov,Offence,2001-07-15,24,Uzbekistan
Netherlands,9923,Mark Flekken,Goalkeeper,1993-06-13,32,Netherlands
Netherlands,126870,Bart Verbruggen,Goalkeeper,2002-08-18,23,Netherlands
Netherlands,137691,Robin Roefs,Goalkeeper,2003-01-17,23,Netherlands
Netherlands,7417,Denzel Dumfries,Defence,1996-04-18,30,Netherlands
Netherlands,7869,Virgil van Dijk,Defence,1991-07-08,34,Netherlands
Netherlands,8240,Nathan Aké,Defence,1995-02-18,31,Netherlands
Netherlands,98566,Jan Paul van Hecke,Defence,2000-06-08,26,Netherlands
Netherlands,98816,Jurrien Timber,Defence,2001-06-17,24,Netherlands
Netherlands,131177,Mickey van de Ven,Defence,2001-04-19,25,Netherlands
Netherlands,189477,Jorrel Hato,Defence,2006-03-07,20,Netherlands
Netherlands,1848,Marten de Roon,Midfield,1991-03-29,35,Netherlands
Netherlands,7457,Donyell Malen,Midfield,1999-01-19,27,Netherlands
Netherlands,7559,Frenkie de Jong,Midfield,1997-05-12,29,Netherlands
Netherlands,7565,Noa Lang,Midfield,1999-06-17,26,Netherlands
Netherlands,7688,Guus Til,Midfield,1997-12-22,28,Netherlands
Netherlands,7693,Teun Koopmeiners,Midfield,1998-02-28,28,Netherlands
Netherlands,7696,Tijjani Reijnders,Midfield,1998-07-29,27,Netherlands
Netherlands,81793,Ryan Gravenberch,Midfield,2002-05-16,24,Netherlands
Netherlands,97505,Mats Wieffer,Midfield,1999-11-16,26,Netherlands
Netherlands,97536,Quinten Timber,Midfield,2001-06-17,24,Netherlands
Netherlands,102193,Crysencio Summerville,Midfield,2001-10-30,24,Netherlands
Netherlands,7459,Cody Gakpo,Offence,1999-05-07,27,Netherlands
Netherlands,7561,Justin Kluivert,Offence,1999-05-05,27,Netherlands
Netherlands,7697,Wout Weghorst,Offence,1992-08-07,33,Netherlands
Netherlands,8472,Memphis Depay,Offence,1994-02-13,32,Netherlands
Netherlands,97535,Brian Brobbey,Offence,2002-02-01,24,Netherlands
Norway,6843,Ørjan Nyland,Goalkeeper,1990-09-10,35,Norway
Norway,44441,Egil Selvik,Goalkeeper,1997-07-30,28,Norway
Norway,146024,Sander Tangvik,Goalkeeper,2002-11-29,23,Norway
Norway,16068,Kristoffer Ajer,Defence,1998-04-17,28,Norway
Norway,16197,Torbjørn Heggem,Defence,1999-01-12,27,Norway
Norway,37913,Fredrik Bjørkan,Defence,1998-08-21,27,Norway
Norway,38548,Marcus Pedersen,Defence,2000-07-16,25,Norway
Norway,44030,Julian Ryerson,Defence,1997-11-17,28,Norway
Norway,44032,Leo Østigård,Defence,1999-11-28,26,Norway
Norway,135036,Henrik Falchener,Defence,2003-05-08,23,Norway
Norway,145159,Sondre Langås,Defence,2001-02-02,25,Norway
Norway,205467,David Wolfe,Defence,2002-04-23,24,Norway
Norway,7421,Morten Thorsby,Midfield,1996-05-05,30,Norway
Norway,7427,Martin Ødegaard,Midfield,1998-12-17,27,Norway
Norway,8973,Sander Berge,Midfield,1998-02-14,28,Norway
Norway,37924,Patrick Berg,Midfield,1997-11-24,28,Norway
Norway,38088,Fredrik Aursnes,Midfield,1995-12-10,30,Norway
Norway,44033,Kristian Thorstvedt,Midfield,1999-03-13,27,Norway
Norway,150589,Thelo Aasgaard,Midfield,2002-05-02,24,Norway
Norway,169295,Antonio Nusa,Midfield,2005-04-17,21,Norway
Norway,179716,Oscar Bobb,Midfield,2003-07-12,22,Norway
Norway,8167,Alexander Sørloth,Offence,1995-12-05,30,Norway
Norway,37916,Jens Hauge,Offence,1999-10-12,26,Norway
Norway,38101,Erling Haaland,Offence,2000-07-21,25,Norway
Norway,157796,Andreas Schjelderup,Offence,2004-06-01,22,Norway
Norway,213269,Jørgen Strand Larsen,Offence,2000-02-06,26,Norway
Scotland,3981,Angus Gunn,Goalkeeper,1996-01-22,30,Scotland
Scotland,15607,Craig Gordon,Goalkeeper,1982-12-31,43,Scotland
Scotland,34960,Liam Kelly,Goalkeeper,1996-01-23,30,Scotland
Scotland,3986,Grant Hanley,Defence,1991-11-20,34,Scotland
Scotland,5769,Dominic Hyam,Defence,1995-12-20,30,Scotland
Scotland,7868,Andrew Robertson,Defence,1994-03-11,32,Scotland
Scotland,15615,Kieran Tierney,Defence,1997-06-05,29,Scotland
Scotland,16070,Jack Hendry,Defence,1995-05-07,31,Scotland
Scotland,34411,Anthony Ralston,Defence,1998-11-16,27,Scotland
Scotland,34429,John Souttar,Defence,1996-09-25,29,Scotland
Scotland,34486,Scott McKenna,Defence,1996-11-12,29,Scotland
Scotland,101111,Aaron Hickey,Defence,2002-01-01,24,Scotland
Scotland,138174,Nathan Patterson,Defence,2001-10-16,24,Scotland
Scotland,7905,Scott McTominay,Midfield,1996-12-08,29,Scotland
Scotland,34494,Kenny McLean,Midfield,1992-01-08,34,Scotland
Scotland,34495,Ryan Christie,Midfield,1995-02-22,31,Scotland
Scotland,34638,Lewis Ferguson,Midfield,1999-08-24,26,Scotland
Scotland,34646,John McGinn,Midfield,1994-10-18,31,Scotland
Scotland,176789,Ben Doak,Midfield,2005-11-11,20,Scotland
Scotland,270697,Findlay Curtis,Midfield,,,Scotland
Scotland,290139,Tyler Fletcher,Midfield,2007-03-19,19,England
Scotland,4119,Che Adams,Offence,1996-07-13,29,Scotland
Scotland,25606,George Hirst,Offence,1999-02-15,27,Scotland
Scotland,35101,Ross Stewart,Offence,1996-07-11,29,Scotland
Scotland,35126,Lyndon Dykes,Offence,1995-10-07,30,Scotland
Scotland,52043,Lawrence Shankland,Offence,1995-08-10,30,Scotland
Curacao,7412,Trevor Doornbusch,Goalkeeper,1999-07-06,26,Curaçao
Curacao,7437,Eloy Room,Goalkeeper,1989-02-06,37,Curaçao
Curacao,171283,Tyrick Bodak,Goalkeeper,2002-02-15,24,Curaçao
Curacao,7229,Roshon van Eijma,Defence,1998-06-09,28,Curaçao
Curacao,7438,Joshua Brenet,Defence,1994-03-20,32,Curaçao
Curacao,7443,Armando Obispo,Defence,1999-03-05,27,Curaçao
Curacao,7744,Sheral Floranus,Defence,1998-08-23,27,Curaçao
Curacao,9428,Riechedly Bazoer,Defence,1996-10-12,29,Curaçao
Curacao,55417,Juriën Gaari,Defence,1993-12-23,32,Curaçao
Curacao,137697,Shurandy Sambo,Defence,2001-08-19,24,Curaçao
Curacao,149120,Ar'jany Martha,Defence,2003-09-04,22,Curaçao
Curacao,166156,Livano Comenencia,Defence,2004-02-03,22,Curaçao
Curacao,177433,Deveron Fonville,Defence,2003-05-16,23,Curaçao
Curacao,191954,Tyrese Noslin,Defence,2002-09-11,23,Curaçao
Curacao,4280,Leandro Bacuna,Midfield,1991-08-21,34,Curaçao
Curacao,7274,Godfried Roemeratoe,Midfield,1999-08-19,26,Curaçao
Curacao,7518,Juninho Bacuna,Midfield,1997-08-07,28,Curaçao
Curacao,53327,Kevin Felida,Midfield,1999-11-11,26,Curaçao
Curacao,6597,Gervane Kastaneer,Offence,1996-06-09,30,Curaçao
Curacao,7986,Kenji Gorré,Offence,1994-09-29,31,Curaçao
Curacao,8288,Jürgen Locadia,Offence,1993-11-07,32,Curaçao
Curacao,98483,Tahith Chong,Offence,1999-12-04,26,Curaçao
Curacao,137025,Sontje Hansen,Offence,2002-05-18,24,Curaçao
Curacao,149134,Jearl Margaritha,Offence,2000-04-10,26,Curaçao
Curacao,156631,Jeremy Antonisse,Offence,2002-03-29,24,Curaçao
Curacao,190770,Brandley Kuwas,Offence,1992-09-19,33,Curaçao
